id,parent_id,name,slug,deanery,city,address,phone,email,latitude,longitude,status,created_at
f46826f0-00b5-4d22-8946-5f5e9138bf77,null,Ntra. Sra. de Fátima,ntra_sra_fatima_las_parejas,cañada de gomez,Las Parejas,null,null,null,null,null,active,2026-05-15 23:04:17.930426+00
2ddc3300-7847-44bb-af40-1305f57d3f62,null,Ntra. Sra. de la Merced,ntra_sra_merced_armstrong,cañada de gomez,Armstrong,null,null,null,null,null,active,2026-05-15 23:04:17.930426+00
8511b898-e871-418a-9bfb-0a8ed47b19e8,null,Ntra. Sra. de la Merced,ntra_sra_merced_correa,cañada de gomez,Correa,null,null,null,null,null,active,2026-05-15 23:04:17.930426+00
e0d945a5-e6fd-4aa7-bf8a-c08ca0e4d2eb,null,Ntra. Sra. de las Mercedes,ntra_sra_mercedes_montes_oca,cañada de gomez,Montes de Oca,null,null,null,null,null,active,2026-05-15 23:04:17.930426+00
057e22d4-39c6-436d-a563-0ccc8ca75a60,null,Ntra. Sra. del Pilar,ntra_sra_pilar_carcarana,cañada de gomez,Carcarañá,null,null,null,null,null,active,2026-05-15 23:04:17.930426+00
6fa3b970-49db-499a-a9ea-6dad7381392b,null,Ntra. Sra. del Valle,ntra_sra_valle_tortugas,cañada de gomez,Tortugas,null,null,null,null,null,active,2026-05-15 23:04:17.930426+00
b8f8b5d6-ab78-4955-8dba-0c8a1b71f9ff,null,San Francisco de Asís,s_francisco_asis_bustinza,cañada de gomez,Bustinza,null,null,null,null,null,active,2026-05-15 23:04:17.930426+00
be10f718-0c76-442b-ab63-0b8f91afe5d1,null,San Jerónimo,s_jeronimo_s_jeronimo_sud,cañada de gomez,San Jerónimo Sud,null,null,null,null,null,active,2026-05-15 23:04:17.930426+00
d66fd9cb-b1aa-4f8b-a77d-baf2169db8c0,null,San José,s_jose_roldan,cañada de gomez,Roldán,null,null,null,null,null,active,2026-05-15 23:04:17.930426+00
034c0577-ad62-4a58-a5bf-8be66d17f281,null,San Pedro Apóstol,s_pedro_apostol_canada_gomez,cañada de gomez,Cañada de Gómez,null,null,null,null,null,active,2026-05-15 23:04:17.930426+00
f23cba42-426f-4a16-b70a-6cd5f63755ee,null,Santa Rosa de Lima,sta_rosa_lima_las_rosas,cañada de gomez,Las Rosas,null,null,null,null,null,active,2026-05-15 23:04:17.930426+00
9736865e-4b69-4964-9436-299465f0958d,null,Santa Teresa de Jesús,sta_teresa_jesus_totoras,cañada de gomez,Totoras,null,null,null,null,null,active,2026-05-15 23:04:17.930426+00
4595f5dd-913c-434c-ac6d-64a49568fef0,null,Santo Domingo de Guzmán,sto_domingo_guzman_villa_eloisa,cañada de gomez,Villa Eloisa,null,null,null,null,null,active,2026-05-15 23:04:17.930426+00
2f3f27f9-3720-4b1c-a473-93d13d56545d,null,Cristo Rey,cristo_rey_sford,casilda,Sanford,null,null,null,null,null,active,2026-05-15 23:04:17.930426+00
e57ef2b3-5b32-4a9d-a559-effc0c3e5b7e,null,Inmaculada Concepción,inmaculada_concepcion_arteaga,casilda,Arteaga,null,null,null,null,null,active,2026-05-15 23:04:17.930426+00
2a56ea53-ff27-4a43-a9c2-fb82e55ba977,null,Ntra. Sra. de Fátima,ntra_sra_fatima_casilda,casilda,Casilda,null,null,null,null,null,active,2026-05-15 23:04:17.930426+00
cdbf9fa1-54fd-4dd7-bd37-60d5098aebdc,null,Ntra. Sra. de Las Mercedes,ntra_sra_mercedes_zavalla,casilda,Zavalla,null,null,null,null,null,active,2026-05-15 23:04:17.930426+00
c1089fd3-74c2-4947-a837-0cea8ce447b9,null,Ntra. Sra. de Luján,ntra_sra_lujan_bigand,casilda,Bigand,null,null,null,null,null,active,2026-05-15 23:04:17.930426+00
8dc44e14-22dd-43f5-8fb2-d5c7b34eee11,null,Ntra. Sra. de Luján,ntra_sra_lujan_casilda,casilda,Casilda,null,null,null,null,null,active,2026-05-15 23:04:17.930426+00
c6e82675-5671-4101-bdca-5cc2b1591599,null,Ntra. Sra. del Carmen,ntra_sra_carmen_perez,casilda,Pérez,null,null,null,null,null,active,2026-05-15 23:04:17.930426+00
56646378-020d-42da-9199-3c5f608462f2,null,Ntra. Sra. del Carmen,ntra_sra_carmen_pujato,casilda,Pujato,null,null,null,null,null,active,2026-05-15 23:04:17.930426+00
7a8a1464-b03a-43a8-99dd-bd7647d6df60,null,Ntra. Sra. del Carmen,ntra_sra_carmen_soldini,casilda,Soldini,null,null,null,null,null,active,2026-05-15 23:04:17.930426+00
a8af26ab-48c9-4d94-b554-5d4b69e47229,null,Ntra. Sra. del Rosario,ntra_sra_rosario_arequito,casilda,Arequito,null,null,null,null,null,active,2026-05-15 23:04:17.930426+00
bb7f86f0-381d-4bad-9c81-1067d4ff1361,null,Ntra. Sra. del Rosario,ntra_sra_rosario_fuentes,casilda,Fuentes,null,null,null,null,null,active,2026-05-15 23:04:17.930426+00
d50c53dd-0a4d-4952-89d3-27a30f319789,null,Ntra. Sra. del Rosario,ntra_sra_rosario_los_molinos,casilda,Los Molinos,null,null,null,null,null,active,2026-05-15 23:04:17.930426+00
500181e0-5499-45aa-a65d-26b7a8b7671e,null,Ntra.Sra. de la Merced,ntrasra_merced_sn_jose_esquina,casilda,Sn. José de la Esquina,null,null,null,null,null,active,2026-05-15 23:04:17.930426+00
071ce63f-17f1-48cb-bb81-a4c0a628b01d,null,San José,s_jose_chabas,casilda,Chabás,null,null,null,null,null,active,2026-05-15 23:04:17.930426+00
67ffddfe-0409-4f14-aa20-947353811ed6,null,San Miguel Arcángel,s_miguel_arcangel_villa_mugueta,casilda,Villa Mugueta,null,null,null,null,null,active,2026-05-15 23:04:17.930426+00
ce9bc938-9bd4-4c22-88e5-3e28d19fe1f7,null,San Pedro Apóstol,s_pedro_apostol_casilda,casilda,Casilda,null,null,null,null,null,active,2026-05-15 23:04:17.930426+00
23e97632-2b99-4557-9b61-b7dad7995800,null,Basílica San José,basilica_s_jose_rosario,centro,Rosario,null,null,null,null,null,active,2026-05-15 23:04:17.930426+00
1924f4f7-a024-467d-90b9-b2230f74d804,null,Inmaculada Concepción,inmaculada_concepcion_rosario,centro,Rosario,null,null,null,null,null,active,2026-05-15 23:04:17.930426+00
5fe2b959-37ee-4c39-8a7b-40baf17dca4d,null,Inmaculado Corazón de María,inmaculado_corazon_maria_rosario,centro,Rosario,null,null,null,null,null,active,2026-05-15 23:04:17.930426+00
4789a09b-b5c1-42ef-ad26-fb564ea08692,null,María Auxiliadora,maria_auxiliadora_rosario,centro,Rosario,null,null,null,null,null,active,2026-05-15 23:04:17.930426+00
2e6a2642-3cfe-47f6-9653-5b8df504bb8f,null,Ntra. Sra. de Lourdes,ntra_sra_lourdes_rosario,centro,Rosario,null,null,null,null,null,active,2026-05-15 23:04:17.930426+00
9a2d4cd9-f552-4a8b-ab62-e3df1b93a039,null,Ntra. Sra. del Carmen,ntra_sra_carmen_rosario,centro,Rosario,null,null,null,null,null,active,2026-05-15 23:04:17.930426+00
9213b686-e3e6-4b68-b9af-16f99a9eb769,null,Ntra. Sra. del Pilar,ntra_sra_pilar_rosario,centro,Rosario,null,null,null,null,null,active,2026-05-15 23:04:17.930426+00
44bffc93-3a19-4295-9cf1-73e75ed0167c,null,Ntra. Sra. del Rosario Catedral,ntra_sra_rosario_catedral_rosario,centro,Rosario,null,null,null,null,null,active,2026-05-15 23:04:17.930426+00
c0bacbc5-e7b1-4cb9-9c76-e3182c92c19d,null,San Cayetano,s_cayetano_rosario,centro,Rosario,null,null,null,null,null,active,2026-05-15 23:04:17.930426+00
276eb5df-d0d2-441c-9ab1-476969c1b13f,null,San Jorge,s_jorge_rosario,centro,Rosario,null,null,null,null,null,active,2026-05-15 23:04:17.930426+00
8b10147c-a917-4dc1-a141-b8069d8731a7,null,Santa Rosa de Lima,sta_rosa_lima_rosario,centro,Rosario,null,null,null,null,null,active,2026-05-15 23:04:17.930426+00
760bfc74-dc55-47f9-b5b6-5ad8a0eeee2f,null,María de Nazaret,maria_nazaret_rosario,norte,Rosario,null,null,null,null,null,active,2026-05-15 23:04:17.930426+00
8822b3ad-3828-421d-b9f2-5dac88fc94a5,null,Natividad del Señor,natividad_senor_rosario,norte,Rosario,null,null,null,null,null,active,2026-05-15 23:04:17.930426+00
94ea85ec-d8aa-426d-8bf8-b5de778fa11d,null,Ntra Sra. de la Medalla Milagrosa,ntra_sra_medalla_milagrosa_rosario,norte,Rosario,null,null,null,null,null,active,2026-05-15 23:04:17.930426+00
2895f18f-76d9-4456-9c90-f051642aaca0,null,Ntra. Sra. de los Dolores,ntra_sra_dolores_rosario,norte,Rosario,null,null,null,null,null,active,2026-05-15 23:04:17.930426+00
6bc038b0-002d-48fa-86a1-cf370921a493,null,Ntra. Sra. del Perpetuo Socorro,ntra_sra_perpetuo_socorro_rosario,norte,Rosario,null,null,null,null,null,active,2026-05-15 23:04:17.930426+00
1b709f64-5c7a-4232-993c-dd3b1752447d,null,Nuestra Señora de Guadalupe,ns_guadalupe_rosario,norte,Rosario,null,null,null,null,null,active,2026-05-15 23:04:17.930426+00
709e8e01-f852-4e91-84f6-5b35bedae950,null,Resurrección del Señor,resurreccion_senor_rosario,norte,Rosario,null,null,null,null,null,active,2026-05-15 23:04:17.930426+00
1f6c2c2c-fd51-4f36-a1bf-7819680b43e9,null,Sagrada Familia,sagrada_familia_rosario,norte,Rosario,null,null,null,null,null,active,2026-05-15 23:04:17.930426+00
8cbda5c4-4333-4c18-8834-3288db847628,null,Sagrado Corazón de Jesús,sagrado_corazon_jesus_rosario,norte,Rosario,null,null,null,null,null,active,2026-05-15 23:04:17.930426+00
9d7c0a1a-ead6-4058-807a-ed51302dc45a,null,San Guillermo Abad,s_guillermo_abad_rosario,norte,Rosario,null,null,null,null,null,active,2026-05-15 23:04:17.930426+00
ae8aad15-641b-4bd4-89e8-3fc0a43ffb40,null,San José Obrero,s_jose_obrero_rosario,norte,Rosario,null,null,null,null,null,active,2026-05-15 23:04:17.930426+00
99bc800e-d8a1-4921-82fa-426dbc5dc03f,null,San Juan Evangelista,s_juan_evangelista_rosario,norte,Rosario,null,null,null,null,null,active,2026-05-15 23:04:17.930426+00
b56d3f1e-5ce8-4cf7-ad59-984d2bdcab78,null,San Ramón Nonato,s_ramon_nonato_rosario,norte,Rosario,null,null,null,null,null,active,2026-05-15 23:04:17.930426+00
1f2295a2-c399-46b1-8d3d-d6da466f1e25,null,Santa Agripina,sta_agripina_rosario,norte,Rosario,null,null,null,null,null,active,2026-05-15 23:04:17.930426+00
6c57bdbe-d60f-4c57-aad1-aab4fd0fa8cc,null,Santísimo Redentor,stisimo_redentor_rosario,norte,Rosario,null,null,null,null,null,active,2026-05-15 23:04:17.930426+00
286411ad-0bba-4d3b-bc22-17c2d5ced698,null,Santo Domingo Savio,sto_domingo_savio_rosario,norte,Rosario,null,null,null,null,null,active,2026-05-15 23:04:17.930426+00
a83e5477-8cfc-4210-bdb9-924dc1c01632,null,Asunción de la Virgen María,asuncion_virgen_maria_rosario,oeste,Rosario,null,null,null,null,null,active,2026-05-15 23:04:17.930426+00
1f1fa833-2cb1-4ddb-adc3-e2d3fbb82abf,null,Cristo Redentor,cristo_redentor_rosario,oeste,Rosario,null,null,null,null,null,active,2026-05-15 23:04:17.930426+00
6da7ec08-f6f6-44de-a618-8d591e8b9197,null,Cristo Rey,cristo_rey_rosario,oeste,Rosario,null,null,null,null,null,active,2026-05-15 23:04:17.930426+00
384a46c0-593d-4dd4-8c52-a293324d1fec,null,Espíritu Santo,espiritu_sto_rosario,oeste,Rosario,null,null,null,null,null,active,2026-05-15 23:04:17.930426+00
d35d98ec-0272-4a2f-9ae5-f2739e6a50e4,null,María Reina,maria_reina_rosario,oeste,Rosario,null,null,null,null,null,active,2026-05-15 23:04:17.930426+00
93f14b0f-6aef-40db-9125-20b3132d95db,null,Ntra. Sra. de la Rocca,ntra_sra_rocca_rosario,oeste,Rosario,null,null,null,null,null,active,2026-05-15 23:04:17.930426+00
50c5ecc6-c062-467a-aba3-d82a648811ba,null,Ntra. Sra. de la Salud,ntra_sra_salud_rosario,oeste,Rosario,null,null,null,null,null,active,2026-05-15 23:04:17.930426+00
ccbe18e4-377d-46e6-baff-490276024ecf,null,Ntra. Sra. de Luján,ntra_sra_lujan_rosario,oeste,Rosario,null,null,null,null,null,active,2026-05-15 23:04:17.930426+00
ef759326-3de1-4457-8539-b84320c603ce,null,Ntra. Sra. de Pompeya,ntra_sra_pompeya_rosario,oeste,Rosario,null,null,null,null,null,active,2026-05-15 23:04:17.930426+00
daa95e0c-b52c-48d7-9ef1-e0a0df34553e,null,San Francisco de las Llagas,s_francisco_llagas_rosario,oeste,Rosario,null,null,null,null,null,active,2026-05-15 23:04:17.930426+00
939b7e31-dddf-4975-a82a-d5240689575e,null,San Francisco Solano,s_francisco_solano_rosario,oeste,Rosario,null,null,null,null,null,active,2026-05-15 23:04:17.930426+00
3a70ec82-b7ef-48fa-b542-21ef1c35534f,null,San Miguel Arcángel,s_miguel_arcangel_rosario,oeste,Rosario,null,null,null,null,null,active,2026-05-15 23:04:17.930426+00
95013721-69cb-41f2-99fc-a8c5db3c4d33,null,Santa María Josefa Rosello,sta_maria_josefa_rosello_rosario,oeste,Rosario,null,null,null,null,null,active,2026-05-15 23:04:17.930426+00
2874ff22-b6ab-4072-a30c-3c2cf23dfc05,null,Santísima Trinidad,stma_trinidad_rosario,oeste,Rosario,null,null,null,null,null,active,2026-05-15 23:04:17.930426+00
86cb40c9-774c-4574-90b8-14e17e979cd5,null,Ntra. Sra. de Itatí,ntra_sra_itati_rosario,saladillo,Rosario,null,null,null,null,null,active,2026-05-15 23:04:17.930426+00
fa65da0b-7b9b-41ab-a121-065a20edaf8a,null,Ntra. Sra. de la Consolata,ntra_sra_consolata_rosario,saladillo,Rosario,null,null,null,null,null,active,2026-05-15 23:04:17.930426+00
92c93fd7-93cd-4e70-97b9-f0d5c55887ce,null,Ntra. Sra. de la Merced,ntra_sra_merced_rosario,saladillo,Rosario,null,null,null,null,null,active,2026-05-15 23:04:17.930426+00
22764d0f-4db6-43bd-9e8e-a110068af1e1,null,Ntra. Sra. de la Paz,ntra_sra_paz_rosario,saladillo,Rosario,null,null,null,null,null,active,2026-05-15 23:04:17.930426+00
75126475-7df0-4428-bd86-8baa532a19fd,null,Ntra. Sra. de las Nieves,ntra_sra_nieves_rosario,saladillo,Rosario,null,null,null,null,null,active,2026-05-15 23:04:17.930426+00
ed6cf717-faeb-4a4a-86a9-e43bde378b8b,null,Ntra. Sra. del Valle,ntra_sra_valle_rosario,saladillo,Rosario,null,null,null,null,null,active,2026-05-15 23:04:17.930426+00
c64fd9e0-149f-4cd3-baf5-1496e0dc4a38,null,San Casimiro,s_casimiro_rosario,saladillo,Rosario,null,null,null,null,null,active,2026-05-15 23:04:17.930426+00
fcfedab5-c3e6-4277-9eac-a82a17f9ad16,null,San Diego de Alcalá,s_diego_alcala_rosario,saladillo,Rosario,null,null,null,null,null,active,2026-05-15 23:04:17.930426+00
82f8bf8e-7d6d-48dc-a777-9ecbc099f7e1,null,San Enrique,s_enrique_rosario,saladillo,Rosario,null,null,null,null,null,active,2026-05-15 23:04:17.930426+00
4200f73f-97fa-43a0-a3d0-1adbb1f72b93,null,San Martín de Porres,s_martin_porres_rosario,saladillo,Rosario,null,null,null,null,null,active,2026-05-15 23:04:17.930426+00
ab495774-7b66-40cd-8d9f-a033bb61cca7,null,San Vicente de Paúl,s_vicente_paul_rosario,saladillo,Rosario,null,null,null,null,null,active,2026-05-15 23:04:17.930426+00
f43f1287-4900-4256-b24b-90535578d8cf,null,Ntra. Sra. de Luján,ntra_sra_lujan_fray_luis_beltran,san lorenzo,Fray Luis Beltran,null,null,null,null,null,active,2026-05-15 23:04:17.930426+00
9575e6e1-e682-45f0-86e1-594801fc176c,null,San Antonio de Padua,s_antonio_padua_s_lorenzo,san lorenzo,San Lorenzo,null,null,null,null,null,active,2026-05-15 23:04:17.930426+00
f8a6cc8e-7038-44fa-82ce-c9b30b1b90e8,null,San José,s_jose_serodino,san lorenzo,Serodino,null,null,null,null,null,active,2026-05-15 23:04:17.930426+00
af1a06c8-b918-4a05-a480-410c767c9a4d,null,San José Obrero,s_jose_obrero_capitan_bermudez,san lorenzo,Capitán Bermúdez,null,null,null,null,null,active,2026-05-15 23:04:17.930426+00
90cc7e02-ba70-4c03-a019-943ef547697c,null,San Lorenzo Mártir,s_lorenzo_martir_s_lorenzo,san lorenzo,San Lorenzo,null,null,null,null,null,active,2026-05-15 23:04:17.930426+00
fdd56321-50e5-41b0-9e43-e2e8549a7969,null,San Pedro Apóstol,s_pedro_apostol_granadero_baigorria,san lorenzo,Granadero Baigorria,null,null,null,null,null,active,2026-05-15 23:04:17.930426+00
e47867bf-f3cb-476f-aeaa-5031373f1d0b,null,San Roque,s_roque_capitan_bermudez,san lorenzo,Capitán Bermúdez,null,null,null,null,null,active,2026-05-15 23:04:17.930426+00
3c5c6c9c-e535-40e4-ac45-2764bbaa8f3c,null,Santa Catalina de Alejandría,sta_catalina_alejandria_capitan_bermudez,san lorenzo,Capitán Bermúdez,null,null,null,null,null,active,2026-05-15 23:04:17.930426+00
3d90b840-ee17-4bd4-8724-92e9b9e73d50,null,Santa Rita de Cascia,sta_rita_cascia_ibarlucea,san lorenzo,Ibarlucea,null,null,null,null,null,active,2026-05-15 23:04:17.930426+00
afa0d7c5-cb0d-44c1-a2b0-867e5ffeb701,null,Santa Rosa de Lima,sta_rosa_lima_oliveros,san lorenzo,Oliveros,null,null,null,null,null,active,2026-05-15 23:04:17.930426+00
d81e55fc-bb5b-40c1-a546-cbaae9f17a44,null,Virgen Niña,virgen_nina_s_lorenzo,san lorenzo,San Lorenzo,null,null,null,null,null,active,2026-05-15 23:04:17.930426+00
497ab9ba-c3d7-48b8-a5b3-9972d6b90c43,null,Inmaculado Corazón de María,inmaculado_corazon_maria_la_vanguardia,santa teresa,La Vanguardia,null,null,null,null,null,active,2026-05-15 23:04:17.930426+00
c6a4b35e-2838-465d-af41-de9c64c4e245,null,Ntra. Sra. de Luján,ntra_sra_lujan_peyrano,santa teresa,Peyrano,null,null,null,null,null,active,2026-05-15 23:04:17.930426+00
fbd2ce5d-8b1d-407f-92cb-78eafe520aaa,null,Sagrado Corazón de Jesús,sagrado_corazon_jesus_coronel_bogado,santa teresa,Coronel Bogado,null,null,null,null,null,active,2026-05-15 23:04:17.930426+00
92bb9b7e-9ba3-4fb7-8154-1ec4b8793eda,null,San Nicolás de Tolentino,s_nicolas_tolentino_alvarez,santa teresa,Álvarez,null,null,null,null,null,active,2026-05-15 23:04:17.930426+00
f88d365a-687a-4daf-87ee-726b75037185,null,Santa Teresa de Jesús,sta_teresa_jesus_sta_teresa,santa teresa,Santa Teresa,null,null,null,null,null,active,2026-05-15 23:04:17.930426+00
a961e26f-9114-40a3-9a3c-ab2f22034d06,null,Santo Domingo de Guzmán,sto_domingo_guzman_acebal,santa teresa,Acebal,null,null,null,null,null,active,2026-05-15 23:04:17.930426+00
4bdc7f1c-b6cc-4a84-bcd1-172834913259,null,María Madre de Dios,maria_madre_dios_rosario,sur,Rosario,null,null,null,null,null,active,2026-05-15 23:04:17.930426+00
6a99c7ed-55c6-4f20-9a74-af352b84a414,null,María Madre de la Iglesia,maria_madre_igl_rosario,sur,Rosario,null,null,null,null,null,active,2026-05-15 23:04:17.930426+00
e12e00cd-d662-4a79-ae16-6cc1b7c2aa62,null,Ntra. Sra. de Fátima,ntra_sra_fatima_rosario,sur,Rosario,null,null,null,null,null,active,2026-05-15 23:04:17.930426+00
767397bf-7a04-4c4f-9d5d-3f4892e76573,null,Ntra. Sra. de la Guardia,ntra_sra_guardia_rosario,sur,Rosario,null,null,null,null,null,active,2026-05-15 23:04:17.930426+00
1740ad9d-cdca-4834-9e15-2f533b839323,null,San Antonio María Gianelli,s_antonio_maria_gianelli_rosario,sur,Rosario,null,null,null,null,null,active,2026-05-15 23:04:17.930426+00
c096f234-2b3b-42c3-86f3-63b2600fe148,null,Santa Isabel de Hungría,sta_isabel_hungria_rosario,sur,Rosario,null,null,null,null,null,active,2026-05-15 23:04:17.930426+00
d2b0a5bb-56e3-408a-8df9-68f6d3aa4940,null,Santa Lucía,sta_lucia_rosario,sur,Rosario,null,null,null,null,null,active,2026-05-15 23:04:17.930426+00
9f463a91-02ff-4760-a395-8a04036292ef,null,Santa Teresa del Niño Jesús,sta_teresa_njesus_rosario,sur,Rosario,null,null,null,null,null,active,2026-05-15 23:04:17.930426+00
45bb6687-9f4e-447a-89e5-08e66f2a3a6b,null,Santísimo Sacramento,stisimo_sacramento_rosario,sur,Rosario,null,null,null,null,null,active,2026-05-15 23:04:17.930426+00
f637afaf-0999-42ee-8733-51c8382a982c,null,Asunción de la Virgen María,asuncion_virgen_maria_arroyo_seco,villa constitucion,Arroyo Seco,null,null,null,null,null,active,2026-05-15 23:04:17.930426+00
bf06a7b2-5edc-4116-95e5-28db9945165d,null,Ntra. Sra. de Fátima,ntra_sra_fatima_villa_constitucion,villa constitucion,Villa Constitución,null,null,null,null,null,active,2026-05-15 23:04:17.930426+00
3bb52e75-6469-49be-8fe2-0b8f50e2f869,null,San Antonio de Padua,s_antonio_padua_rosario_oeste,oeste,Rosario,null,null,null,null,null,active,2026-05-15 23:04:17.930426+00
1c7ffe56-4173-4b72-beef-9c853ce30963,null,Ntra. Sra. del Carmen,ntra_sra_carmen_rosario_oeste,oeste,Rosario,null,null,null,null,null,active,2026-05-15 23:04:17.930426+00
2ea04ca8-372b-44f7-8d54-33dde73b4621,null,María Mediadora de todas las Gracias,maria_mediadora_gracias_rosario,saladillo,Rosario,null,null,null,null,null,active,2026-05-15 23:04:17.930426+00
6976d7f6-67bc-4a03-b7da-4e486fa63bc4,null,Ntra. Sra. del Carmen Timbúes,ntra_sra_carmen_timbues,san lorenzo,Timbues,null,null,null,null,null,active,2026-05-15 23:04:17.930426+00
4d7881ad-99db-47ca-9764-5cd4cab69da8,null,Ntra. Sra. de Fátima,ntra_sra_fatima_pto_gral_s_martin,san lorenzo,Puerto General San Martín,null,null,null,null,null,active,2026-05-15 23:04:17.930426+00
4366e4ca-c2e9-4480-8ef8-c31c3ff96c12,null,Ntra. Sra. de Guadalupe,ntra_sra_guadalupe_pueblo_esther,villa constitucion,Pueblo Esther,null,null,null,null,null,active,2026-05-15 23:04:17.930426+00
0372aacd-ad16-419a-b175-4011604007c6,null,Ntra. Sra. de Luján,ntra_sra_lujan_villa_constitucion,villa constitucion,Villa Constitución,null,null,null,null,null,active,2026-05-15 23:04:17.930426+00
6b2e6dd9-bc3e-4423-8d4e-b5690369d2b0,null,Ntra. Sra. de Luján,ntra_sra_lujan_fighiera,villa constitucion,Fighiera,null,null,null,null,null,active,2026-05-15 23:04:17.930426+00
386d9786-2cb8-4f31-8691-c7e307788e5b,null,Ntra. Sra. del Carmen,ntra_sra_carmen_godoy,villa constitucion,Godoy,null,null,null,null,null,active,2026-05-15 23:04:17.930426+00
acbf86f9-02d2-4b0d-8c81-b07d8e440bc9,null,San Pablo,s_pablo_villa_constitucion,villa constitucion,Villa Constitución,null,null,null,null,null,active,2026-05-15 23:04:17.930426+00
121de8ff-c477-49b1-8762-ad856a8200d8,null,Sta. Teresita,sta_teresita_empalme_vc,villa constitucion,Empalme V.C.,null,null,null,null,null,active,2026-05-15 23:04:17.930426+00
25d9b6b0-7a8b-4e92-b504-dffa35862711,a83e5477-8cfc-4210-bdb9-924dc1c01632,Capilla San José,cap_s_jose_arroyo_seco,villa constitucion,Arroyo Seco,Belgrano 634,03402 426097,null,null,null,active,2026-05-15 23:04:17.930426+00
23797583-6cfd-4db5-8ce4-87286652365f,a83e5477-8cfc-4210-bdb9-924dc1c01632,Capilla Medalla Milagrosa,cap_medalla_milagrosa_arroyo_seco,villa constitucion,Arroyo Seco,"Bº Güemes (plaza), ",03402 426593,null,null,null,active,2026-05-15 23:04:17.930426+00
0b2ee923-fd3f-4fd1-a575-85dfd8eabff2,a83e5477-8cfc-4210-bdb9-924dc1c01632,Capilla María Auxiliadora,cap_maria_auxiliadora_arroyo_seco,villa constitucion,Arroyo Seco,Paraje “El Ombú,03402 426846,null,null,null,active,2026-05-15 23:04:17.930426+00
e19bb7e6-5b99-49b6-9597-1d411394a21f,a83e5477-8cfc-4210-bdb9-924dc1c01632,Capilla San Cayetano,cap_s_cayetano_arroyo_seco,villa constitucion,Arroyo Seco,Ctda. Filiberti y Ruta 21,03402 426933,null,null,null,active,2026-05-15 23:04:17.930426+00
5fc7f044-6e87-4298-8e4b-6f5edf2daa02,a83e5477-8cfc-4210-bdb9-924dc1c01632,Capilla Ntra. Sra. de Lourdes,cap_ntra_sra_lourdes_arroyo_seco,villa constitucion,Arroyo Seco,H. Primo e Infante,03402 427647,null,null,null,active,2026-05-15 23:04:17.930426+00
d1083ce4-441c-428a-8b77-e0ac8883c19a,a83e5477-8cfc-4210-bdb9-924dc1c01632,Capilla Santa Rita,cap_sta_rita_arroyo_seco,villa constitucion,Arroyo Seco,Moreno 1300,03402 428236,null,null,null,active,2026-05-15 23:04:17.930426+00
6f629a10-5b84-409d-aa1a-6db43e627e6b,a83e5477-8cfc-4210-bdb9-924dc1c01632,Capilla Santa Lucía,cap_sta_lucia_arroyo_seco,villa constitucion,Arroyo Seco,Gálvez y Sarmiento,03402 429415,null,null,null,active,2026-05-15 23:04:17.930426+00
bd2ffd1b-faf4-476d-81d9-80faaea10fcf,a83e5477-8cfc-4210-bdb9-924dc1c01632,Capilla María Madre de la Solidaridad,cap_maria_madre_solidaridad_rosario,oeste,Rosario,Fisherton,null,null,null,null,active,2026-05-15 23:04:17.930426+00
62b4284b-e9e0-48b4-9ae3-21bd8352e7ed,1f1fa833-2cb1-4ddb-adc3-e2d3fbb82abf,Capilla Ntra. Sra. de los Milagros,cap_ntra_sra_milagros_rosario,oeste,Rosario,null,null,null,null,null,active,2026-05-15 23:04:17.930426+00
2f82c072-eced-462b-8397-cfbb2d50b893,2f3f27f9-3720-4b1c-a473-93d13d56545d,Capilla Ntra. Sra. de La Merced,cap_ntra_sra_merced_sford,casilda,Sanford,Zona rural,null,null,null,null,active,2026-05-15 23:04:17.930426+00
50e89580-474c-4686-888d-ff5e8c4600d4,2f3f27f9-3720-4b1c-a473-93d13d56545d,Capilla Ntra. Sra. del Trabajo,cap_ntra_sra_trabajo_rosario,oeste,Rosario,Colombres 1350 bis,null,null,null,null,active,2026-05-15 23:04:17.930426+00
f34f1401-fdae-4ef1-810f-d4ec7f45c8f8,384a46c0-593d-4dd4-8c52-a293324d1fec,Capilla Jesús Obrero,cap_jesus_obrero_rosario,oeste,Rosario,Pasco 7209,null,null,null,null,active,2026-05-15 23:04:17.930426+00
01e61d52-36e6-45bb-8b3b-2de8c9f8f8b6,e57ef2b3-5b32-4a9d-a559-effc0c3e5b7e,Capilla San Antonio,cap_s_antonio_arteaga,casilda,Arteaga,Zona rural,null,null,null,null,active,2026-05-15 23:04:17.930426+00
bfbf4b06-a6b3-4ec9-9513-e1e6d2f0bf2d,e57ef2b3-5b32-4a9d-a559-effc0c3e5b7e,Capilla Virgen de Lourdes,cap_virgen_lourdes_arteaga,casilda,Arteaga,Zona rural,null,null,null,null,active,2026-05-15 23:04:17.930426+00
0cde1e90-a610-4c4c-9996-c2a3c45c5d07,e57ef2b3-5b32-4a9d-a559-effc0c3e5b7e,Oratorio Santa Ana,oratorio_sta_ana_arteaga,casilda,Arteaga,Bº Chaco,null,null,null,null,active,2026-05-15 23:04:17.930426+00
7dbf629d-b44a-4366-adb1-5615b45db05d,5fe2b959-37ee-4c39-8a7b-40baf17dca4d,Capilla del Hospital de Niños V. Vilela,cap_hospital_ninos_v_vilela_rosario,centro,Rosario,Virasoro 1855,null,null,null,null,active,2026-05-15 23:04:17.930426+00
2ef30a98-42a6-47ae-b4c6-9075f3710656,5fe2b959-37ee-4c39-8a7b-40baf17dca4d,Capilla del Hospital Italiano Garibaldi,cap_hospital_italiano_garibaldi_rosario,centro,Rosario,Virasoro 1249,null,null,null,null,active,2026-05-15 23:04:17.930426+00
a82deb98-3eea-4ddc-abba-701ddf39b42e,5fe2b959-37ee-4c39-8a7b-40baf17dca4d,Iglesia Inmaculada Concepción,igl_inmaculada_concepcion_la_vanguardia,santa teresa,La Vanguardia,"San Martín 600, URANGA ",null,null,null,null,active,2026-05-15 23:04:17.930426+00
504d794f-e04a-47b5-82f5-2d60a7c52a52,5fe2b959-37ee-4c39-8a7b-40baf17dca4d,Iglesia Ntra. Sra. de Luján,igl_ntra_sra_lujan_la_vanguardia,santa teresa,La Vanguardia,CEPEDA,null,null,null,null,active,2026-05-15 23:04:17.930426+00
2f0a4100-d3db-4ee6-8938-ddb6687cc35b,5fe2b959-37ee-4c39-8a7b-40baf17dca4d,Iglesia Sagrado Corazón,igl_sagrado_corazon_la_vanguardia,santa teresa,La Vanguardia,SARGENTO CABRAL,null,null,null,null,active,2026-05-15 23:04:17.930426+00
15f31725-ba6d-42ce-bbc7-bdc64afa4924,4789a09b-b5c1-42ef-ad26-fb564ea08692,"Capilla Ntra. Sra. de los Ángeles,",cap_ntra_sra_angeles_rosario,centro,Rosario,"Tucumán y Pje. Saguier, ",0341 4250914,null,null,null,active,2026-05-15 23:04:17.930426+00
c1793d65-8cd1-4f96-8c2c-2a694d22879e,6a99c7ed-55c6-4f20-9a74-af352b84a414,Capilla María Madre de los Pobres,cap_maria_madre_pobres_rosario,sur,Rosario,Dorrego 3980,null,null,null,null,active,2026-05-15 23:04:17.930426+00
495c65cc-9a53-4ebe-b3c5-d238c3b7aa6d,d35d98ec-0272-4a2f-9ae5-f2739e6a50e4,Santa Cruz,sta_cruz_rosario,oeste,Rosario,Gorriti 6950,null,null,null,null,active,2026-05-15 23:04:17.930426+00
88c4b839-cdf0-465d-bfea-9d1973665bb5,f46826f0-00b5-4d22-8946-5f5e9138bf77,San Francisco Javier,s_francisco_javier_rosario,sur,Rosario,Ab. Grandoli 3460 y Pje. Urraco,0341 4647164,null,null,null,active,2026-05-15 23:04:17.930426+00
0fab2781-e4b1-4fa9-841f-98638fbfedac,f46826f0-00b5-4d22-8946-5f5e9138bf77,Capilla San Cayetano,cap_s_cayetano_las_parejas,cañada de gomez,Las Parejas,calle 23 nº 200,null,null,null,null,active,2026-05-15 23:04:17.930426+00
32f193b9-e10b-40a0-b833-c1ce09d10427,f46826f0-00b5-4d22-8946-5f5e9138bf77,Capilla Jesús Misericordioso,cap_jesus_misericordioso_casilda,casilda,Casilda,Bº Nueva Roma,null,null,null,null,active,2026-05-15 23:04:17.930426+00
61d79b99-6fd3-47d4-bfdf-10a1b870c15b,f46826f0-00b5-4d22-8946-5f5e9138bf77,"San Pablo,",s_pablo_rosario,sur,Rosario,Necochea y Ameghino,null,null,null,null,active,2026-05-15 23:04:17.930426+00
6a96508a-2c90-4934-8654-1e36171ff12a,f46826f0-00b5-4d22-8946-5f5e9138bf77,Capilla Sagrado Corazón de Jesús,cap_sagrado_corazon_jesus_villa_constitucion,villa constitucion,Villa Constitución,null,null,null,null,null,active,2026-05-15 23:04:17.930426+00
00a9cb61-05ce-4f42-8adf-421eb74b6dc4,null,San Antonio de Padua,s_antonio_padua_rosario_sur,sur,Rosario,null,null,null,null,null,active,2026-05-15 23:04:17.930426+00
5a637116-b959-48ab-95e6-56eb05494a21,2f3f27f9-3720-4b1c-a473-93d13d56545d,Capilla Dios Padre y Ntra. Sra. de la Divina Providencia,cap_dios_padre_ntra_divina_prov_rosario,oeste,Rosario,José Ingeniero y Acevedo,null,null,null,null,active,2026-05-15 23:04:17.930426+00
77f7e633-1f3b-4f87-8049-a836e8dd45a3,a83e5477-8cfc-4210-bdb9-924dc1c01632,Capilla Ntra. Sra. de Itatí,cap_itati_rosario_unidad,oeste,Rosario,– Bº Unidad,null,null,null,null,active,2026-05-15 23:04:17.930426+00
b7888d58-c547-40a5-b4ff-16831e9af34e,f46826f0-00b5-4d22-8946-5f5e9138bf77,Capilla Ntro. Señor de los Milagros de Mailín,cap_milagros_mailin_las_parejas,cañada de gomez,Las Parejas,calle 25 nº 1400,null,null,null,null,active,2026-05-15 23:04:17.930426+00
7d31ae2f-4cfb-4ba7-878a-fe6492a9cd70,e57ef2b3-5b32-4a9d-a559-effc0c3e5b7e,"Capilla San Francisco de Asís – Hospital Centenario,",cap_s_francisco_asis_centenario_rosario,centro,Rosario,Urquiza 3101,0341 4300986,null,null,null,active,2026-05-15 23:04:17.930426+00
98de0018-8aba-4b97-9bcb-d1d741adebea,1aca7f18-2589-449d-ac61-55e8f868d053,Iglesia San Roque,igl_s_roque_natividad_c_gomez,cañada de gomez,Cañada de Gomez,Rucci s/n - LUIS PALACIOS,null,null,null,null,active,2026-05-15 23:04:17.930426+00
ac9c9c00-1ff3-47b5-b476-9f7d6a6f2652,1aca7f18-2589-449d-ac61-55e8f868d053,Iglesia Santa Rosa de Lima,igl_sta_rosa_lima_l_lopez,cañada de gomez,Lucio Lopez,LUCIO LÓPEZ,null,null,null,null,active,2026-05-15 23:04:17.930426+00
6113f078-6f21-47be-aa54-3cb2a4250193,1aca7f18-2589-449d-ac61-55e8f868d053,Ermita María Auxiliadora,erm_maria_auxiliadora_c_gomez,cañada de gomez,Colonia Medici,COLONIA MEDICI,null,null,null,null,active,2026-05-15 23:04:17.930426+00
6c9e2c81-5610-42f7-9652-492551b25d1d,f46826f0-00b5-4d22-8946-5f5e9138bf77,Capilla San José,cap_s_jose_villa_constitucion,villa constitucion,Villa Constitución,null,null,null,null,null,active,2026-05-15 23:04:17.930426+00
978e8396-91a4-4755-90f0-0cf1ba37172a,f46826f0-00b5-4d22-8946-5f5e9138bf77,Capilla San Lorenzo Mártir,cap_s_lorenzo_martir_villa_constitucion,villa constitucion,Villa Constitución,null,null,null,null,null,active,2026-05-15 23:04:17.930426+00
e52427f3-3206-4d7d-9c6c-73483946e071,4366e4ca-c2e9-4480-8ef8-c31c3ff96c12,Capilla Ntra. Sra. de Fátima,cap_ntra_sra_fatima_pueblo_esther,villa constitucion,Pueblo Esther,MONTE FLORES,null,null,null,null,active,2026-05-15 23:04:17.930426+00
09145ae9-4767-475e-ab63-1f4cfb1c7e1a,4366e4ca-c2e9-4480-8ef8-c31c3ff96c12,Capilla Ntra. Sra. de la Merced,cap_ntra_sra_merced_pueblo_esther,villa constitucion,Pueblo Esther,"Plaza Central, ALVEAR",null,null,null,null,active,2026-05-15 23:04:17.930426+00
7941d099-0fa2-44c0-bfe8-6c881abfcfa0,4366e4ca-c2e9-4480-8ef8-c31c3ff96c12,Iglesia San José,igl_s_jose_pueblo_esther,villa constitucion,Pueblo Esther,"San José 277, GENERAL LAGOS",null,null,null,null,active,2026-05-15 23:04:17.930426+00
01cac7d4-f049-4204-93e0-cd11c7e3bcab,fa65da0b-7b9b-41ab-a121-065a20edaf8a,Capilla San Francisco Solano,cap_s_francisco_solano_rosario,saladillo,Rosario,Callao s/n,null,null,null,null,active,2026-05-15 23:04:17.930426+00
c8514412-59c3-4a82-81e4-bbddfe83c1ad,fa65da0b-7b9b-41ab-a121-065a20edaf8a,Capilla San Juan Bautista,cap_s_juan_bautista_rosario,saladillo,Rosario,Av. N.S. del Rosario e Iriondo,null,null,null,null,active,2026-05-15 23:04:17.930426+00
66c9bc8b-b4b1-485c-9041-7804cd3723d5,fa65da0b-7b9b-41ab-a121-065a20edaf8a,Capilla sede de OSCUS,cap_sede_oscus_rosario,saladillo,Rosario,Santiago 5129,null,null,null,null,active,2026-05-15 23:04:17.930426+00
e84eac03-44df-41aa-9560-ce8e7ff462f9,fa65da0b-7b9b-41ab-a121-065a20edaf8a,Oratorio Ntra. Sra. de Itatí,oratorio_ntra_sra_itati_rosario,saladillo,Rosario,Constitución 5334,null,null,null,null,active,2026-05-15 23:04:17.930426+00
7b7d8a1c-c9c9-45d1-93ac-235f82079f5f,2ddc3300-7847-44bb-af40-1305f57d3f62,Capilla Sagrado Corazón de Jesús.,cap_sagrado_corazon_jesus_rosario,saladillo,Rosario,"Lamadrid 20, ",0341 4622159,null,null,null,active,2026-05-15 23:04:17.930426+00
ec9174d0-ec22-455a-b688-415bba9c7a65,2ddc3300-7847-44bb-af40-1305f57d3f62,Capilla Asunción de la Santísima Virgen,cap_asuncion_stma_virgen_correa,cañada de gomez,Correa,"zona rural, BERRETA",null,null,null,null,active,2026-05-15 23:04:17.930426+00
a27a7a42-3e2f-483d-8558-d6261f7f226f,2ddc3300-7847-44bb-af40-1305f57d3f62,Capilla Ntra. Sra. de Luján,cap_ntra_sra_lujan_armstrong,cañada de gomez,Armstrong,Belville s/n,null,null,null,null,active,2026-05-15 23:04:17.930426+00
95c280ea-d351-4915-8ade-3ec71581e668,2ddc3300-7847-44bb-af40-1305f57d3f62,Capilla Ntra. Sra. de Luján,cap_ntra_sra_lujan_correa,cañada de gomez,Correa,Belgrano y 1º de Mayo,null,null,null,null,active,2026-05-15 23:04:17.930426+00
e06b8c4e-846a-4f48-b4bd-56bf3aa546bd,2ddc3300-7847-44bb-af40-1305f57d3f62,Ermita Virgen de Schöenstatt,erm_virgen_schoenstatt_armstrong,cañada de gomez,Armstrong,Plaza Flotron,null,null,null,null,active,2026-05-15 23:04:17.930426+00
a52f7694-74ca-40e0-84e3-eed01d886e52,2ddc3300-7847-44bb-af40-1305f57d3f62,Capilla María Madre de los niños,cap_maria_madre_ninos_rosario,saladillo,Rosario,Bº Mangrullo,null,null,null,null,active,2026-05-15 23:04:17.930426+00
8ac68e1a-47b7-4168-9e76-9fdd5c6947f9,2ddc3300-7847-44bb-af40-1305f57d3f62,Gruta Virgen de la Natividad del Señor,gruta_virgen_natividad_senor_rosario,saladillo,Rosario,Av. Arijón y Arroyo,null,null,null,null,active,2026-05-15 23:04:17.930426+00
72100c2c-cd33-47c0-89ef-7528d01817f3,22764d0f-4db6-43bd-9e8e-a110068af1e1,Capilla Virgen Niña,cap_virgen_nina_rosario,saladillo,Rosario,3 de Febrero y Mendoza,null,null,null,null,active,2026-05-15 23:04:17.930426+00
d164fdd4-ee6f-462d-a893-40225e916d2b,93f14b0f-6aef-40db-9125-20b3132d95db,Capilla San Roque,cap_s_roque_rosario,oeste,Rosario,Rouillón 2040,0341 4567846,null,null,null,active,2026-05-15 23:04:17.930426+00
fd31a75a-558f-49f5-857a-40d4daed6108,50c5ecc6-c062-467a-aba3-d82a648811ba,Oratorio Sagrado Corazón,oratorio_sagrado_corazon_rosario,oeste,Rosario,Pje. Curupaití 5800,null,null,null,null,active,2026-05-15 23:04:17.930426+00
e0cc2e10-dfe9-49eb-9261-0430ab14c612,e0d945a5-e6fd-4aa7-bf8a-c08ca0e4d2eb,Iglesia San Pedro Apóstol,igl_s_pedro_apostol_montes_oca,cañada de gomez,Montes de Oca,"Moreno 164, BOUQUET",03471 496414,null,null,null,active,2026-05-15 23:04:17.930426+00
09968323-1cda-43bc-9095-4a26fc26e550,e0d945a5-e6fd-4aa7-bf8a-c08ca0e4d2eb,Capilla del Hogar de ancianos,cap_hogar_ancianos_montes_oca,cañada de gomez,Montes de Oca,Calle Buenos Aires s/n,null,null,null,null,active,2026-05-15 23:04:17.930426+00
a470713d-ba78-4976-ab83-c905176be970,e0d945a5-e6fd-4aa7-bf8a-c08ca0e4d2eb,Capilla Ntra. Sra. del Pilar,cap_ntra_sra_pilar_montes_oca,cañada de gomez,Montes de Oca,Paraje Campo La Amistad,null,null,null,null,active,2026-05-15 23:04:17.930426+00
cb39fafc-62ea-43d6-a3f1-ff956558b71c,cdbf9fa1-54fd-4dd7-bd37-60d5098aebdc,Iglesia Santa Teresa del Niño Jesús,igl_sta_teresa_njesus_zavalla,casilda,Zavalla,Av.Colón s/n CORONEL ARNOLD,null,null,null,null,active,2026-05-15 23:04:17.930426+00
d2be9beb-8525-418d-9305-e6c02e7edc85,75126475-7df0-4428-bd86-8baa532a19fd,Capilla del Hospital Roque Sáenz Peña,cap_hospital_roque_saenz_pena_rosario,saladillo,Rosario,Laprida 5381,null,null,null,null,active,2026-05-15 23:04:17.930426+00
2cc45ced-9e11-4587-8963-149a06aa3b23,2895f18f-76d9-4456-9c90-f051642aaca0,Capilla Jesús Misericordioso,cap_jesus_misericordioso_rosario,norte,Rosario,Braille 1999,0341 4533595,null,null,null,active,2026-05-15 23:04:17.930426+00
e58b13f6-0643-42d6-ae6a-2dbc279f5c0e,c1089fd3-74c2-4947-a837-0cea8ce447b9,Capilla Santa María Goretti,cap_sta_maria_goretti_villa_constitucion,villa constitucion,Villa Constitución,"Dorrego Vallese, Bº Evita",03400 472085,null,null,null,active,2026-05-15 23:04:17.930426+00
7a05fc38-9969-45f4-8c0e-b8caeb2d846b,c1089fd3-74c2-4947-a837-0cea8ce447b9,Capilla Cristo Rey,cap_cristo_rey_villa_constitucion,villa constitucion,Villa Constitución,Vallese y Bolivar s/n Bº San Miguel Arcángel,03400 477403,null,null,null,active,2026-05-15 23:04:17.930426+00
c7686278-053c-4123-a5d4-63c306d906f8,c1089fd3-74c2-4947-a837-0cea8ce447b9,Capilla Ntra. Sra. de la Consolación,cap_ntra_sra_consolacion_rosario,oeste,Rosario,Cerrito y Servando Bayo,0341 4338657,null,null,null,active,2026-05-15 23:04:17.930426+00
d0fdf171-769a-434b-b4d5-5178b94b355e,c1089fd3-74c2-4947-a837-0cea8ce447b9,Capilla Santa Teresita,cap_sta_teresita_villa_constitucion,villa constitucion,Villa Constitución,Bº Santa Teresita,03400 479363,null,null,null,active,2026-05-15 23:04:17.930426+00
c8411295-2a90-4797-816d-538e1545e068,c1089fd3-74c2-4947-a837-0cea8ce447b9,Capilla San Antonio de Padua,cap_s_antonio_padua_bigand,casilda,Bigand,Zona rural,null,null,null,null,active,2026-05-15 23:04:17.930426+00
ed945d6e-f254-4a13-8ccc-abaafcc5a893,c1089fd3-74c2-4947-a837-0cea8ce447b9,Capilla Santa Rita de Casia,cap_sta_rita_casia_rosario,oeste,Rosario,Cochabamba 4000,null,null,null,null,active,2026-05-15 23:04:17.930426+00
1bd0c04d-a941-4bd4-af15-97dfd37734c6,c1089fd3-74c2-4947-a837-0cea8ce447b9,Capilla Ntra. Sra. de la Merced,cap_ntra_sra_merced_fray_luis_beltran,san lorenzo,Fray Luis Beltran,null,null,null,null,null,active,2026-05-15 23:04:17.930426+00
33c5251d-c036-4e82-b290-041a71b39fd5,c1089fd3-74c2-4947-a837-0cea8ce447b9,Capilla San Cayetano,cap_s_cayetano_fray_luis_beltran,san lorenzo,Fray Luis Beltran,"Las Heras 236, Bº 3 de Febrero",null,null,null,null,active,2026-05-15 23:04:17.930426+00
fe38f3c6-ed87-432b-b85a-39546b1733a0,c1089fd3-74c2-4947-a837-0cea8ce447b9,Capilla San Ignacio de Loyola,cap_s_ignacio_loyola_fray_luis_beltran,san lorenzo,Fray Luis Beltran,Bº Gral. Savio de la Fábrica Militar,null,null,null,null,active,2026-05-15 23:04:17.930426+00
2c41b81c-0dc0-495c-a869-ac5164e02053,c1089fd3-74c2-4947-a837-0cea8ce447b9,Capilla Santa Rita,cap_sta_rita_fray_luis_beltran,san lorenzo,Fray Luis Beltran,Bº Remedios de Escalada de San Martín,null,null,null,null,active,2026-05-15 23:04:17.930426+00
9d6e267c-e0ae-4442-bf83-1b0eaa5de6db,c1089fd3-74c2-4947-a837-0cea8ce447b9,Iglesia Ntra. Sra. del Rosario,igl_ntra_sra_rosario_peyrano,santa teresa,Peyrano,GENERAL GELLY,null,null,null,null,active,2026-05-15 23:04:17.930426+00
7ab57ce2-2fcd-4dae-9105-64a7b5e766aa,c1089fd3-74c2-4947-a837-0cea8ce447b9,Capilla Ntra. Sra. de Luján,cap_ntra_sra_lujan_fighiera,villa constitucion,Fighiera,"La Costa, Zona Rural",null,null,null,null,active,2026-05-15 23:04:17.930426+00
06c5ee33-0f71-445e-81f0-339f8c26db90,4366e4ca-c2e9-4480-8ef8-c31c3ff96c12,Capilla del Monasterio de Carmelitas Descalzas,cap_carmelitas_descalzas_pueblo_esther,villa constitucion,Pueblo Esther,Reconquista s/n,null,null,null,null,active,2026-05-15 23:04:17.930426+00
5ab0b0d3-1ac3-44ea-95b8-67022e0b8ad9,22764d0f-4db6-43bd-9e8e-a110068af1e1,Capilla Ntra. Sra. de Itatí,cap_itati_rosario_cordoba,saladillo,Rosario,Córdoba y San Juan,null,null,null,null,active,2026-05-15 23:04:17.930426+00
e4d583db-2f56-4dfd-8502-a68fe9707e48,f46826f0-00b5-4d22-8946-5f5e9138bf77,Centro pastoral Ntra. Sra. de Lourdes,centro_pastoral_sra_lourdes_villa_constitucion,villa constitucion,Villa Constitución,null,null,null,null,null,active,2026-05-15 23:04:17.930426+00
e16b44b8-393a-41c0-9b5b-2cc33fd59ba7,c1089fd3-74c2-4947-a837-0cea8ce447b9,Iglesia Ntra. Sra. de Luján,igl_ntra_sra_lujan_fighiera,villa constitucion,Fighiera,ALBARELLOS,null,null,null,null,active,2026-05-15 23:04:17.930426+00
37d496a1-446e-4ae0-9d04-1c2b05b4f148,c1089fd3-74c2-4947-a837-0cea8ce447b9,Iglesia San Esteban,igl_s_esteban_fighiera,villa constitucion,Fighiera,VILLA AMELIA,null,null,null,null,active,2026-05-15 23:04:17.930426+00
a0c54c2b-0be0-4d30-9cee-f874c1081a1c,c6e82675-5671-4101-bdca-5cc2b1591599,Capilla Medalla Milagrosa,cap_medalla_milagrosa_perez,casilda,Pérez,"Pueyrredón 748, Bº Talleres Nuevos",null,null,null,null,active,2026-05-15 23:04:17.930426+00
6554ab54-fd60-49de-9f3f-098a8417d099,c6e82675-5671-4101-bdca-5cc2b1591599,"Capilla Ntra. Sra. de la Paz, Cementerio El Prado",cap_ntra_sra_paz_cementerio_prado_perez,casilda,Pérez,Ruta 33,null,null,null,null,active,2026-05-15 23:04:17.930426+00
9d166f76-3b85-418e-ab1a-8661be0d256a,c6e82675-5671-4101-bdca-5cc2b1591599,Capilla Ntra. Sra. de Luján,cap_ntra_sra_lujan_perez,casilda,Pérez,"San Sebastián 2180, Bº Talleres",null,null,null,null,active,2026-05-15 23:04:17.930426+00
4f9e0a2b-cec2-45e2-84d3-bf55c93be27e,c6e82675-5671-4101-bdca-5cc2b1591599,Capilla Ntra. Sra. del Rosario,cap_ntra_sra_rosario_perez,casilda,Pérez,"Neuquén 1453, Bº Guardia Nacional",null,null,null,null,active,2026-05-15 23:04:17.930426+00
95882a79-7c2f-4541-99c0-5d299bdbe94f,c6e82675-5671-4101-bdca-5cc2b1591599,Capilla Ntra. Sra. del Rosario de San Nicolás,cap_ntra_sra_rosario_s_nicolas_pujato,casilda,Pujato,Lavalle 1047,null,null,null,null,active,2026-05-15 23:04:17.930426+00
730bac2d-b2e6-408b-9881-1e9df9f252c7,c6e82675-5671-4101-bdca-5cc2b1591599,Capilla Perpetuo socorro,cap_perpetuo_socorro_perez,casilda,Pérez,"Juan XXIII 1756, Bº Mitre ",null,null,null,null,active,2026-05-15 23:04:17.930426+00
6675271b-9546-460d-ac94-67719bc0a182,c6e82675-5671-4101-bdca-5cc2b1591599,Capilla Sagrado Corazón,cap_sagrado_corazon_perez,casilda,Pérez,"Rivadavia 560,Bº Norte",null,null,null,null,active,2026-05-15 23:04:17.930426+00
c769c3ee-f9e0-4d5d-b659-b8bb776c76bd,c6e82675-5671-4101-bdca-5cc2b1591599,Capilla San Juan María Vianney,cap_s_juan_maria_vianney_perez,casilda,Pérez,"El Sauce y El Hornero, Bº Cabin 9",null,null,null,null,active,2026-05-15 23:04:17.930426+00
b6f99d26-1e1a-4b27-9840-3a7e2d460956,c6e82675-5671-4101-bdca-5cc2b1591599,Capilla Virgen Niña,cap_virgen_nina_perez,casilda,Pérez,"Esquivel s/n, Bº Villa América",null,null,null,null,active,2026-05-15 23:04:17.930426+00
21ddf78e-9311-45f7-add8-b4963948bf18,c6e82675-5671-4101-bdca-5cc2b1591599,Capilla Ntra. Sra. de los Remedios,cap_ntra_sra_remedios_godoy,villa constitucion,Godoy,Paraje ORATORIO MORANTE,null,null,null,null,active,2026-05-15 23:04:17.930426+00
09517ed7-3f5a-4b48-9ac5-b05c8899261a,c6e82675-5671-4101-bdca-5cc2b1591599,Capilla Sagrado Corazón de Jesús,cap_sagrado_corazon_jesus_godoy,villa constitucion,Godoy,Sara Rueda s/n – RUEDA,null,null,null,null,active,2026-05-15 23:04:17.930426+00
b7b04c1c-f43c-4f6a-a433-6c6ca7341a9e,c6e82675-5671-4101-bdca-5cc2b1591599,Capilla Santa Teresita del Niño Jesús,cap_sta_teresita_njesus_godoy,villa constitucion,Godoy,Chacabuco s/n - J. B. MOLINA,null,null,null,null,active,2026-05-15 23:04:17.930426+00
191edc37-7125-49b6-a7cd-4249eef6ec10,6bc038b0-002d-48fa-86a1-cf370921a493,Capilla de PAMI II (Ex hospital Freyre,cap_pami_ii_ex_hospital_freyre_rosario,norte,Rosario,null,null,null,null,null,active,2026-05-15 23:04:17.930426+00
307503b7-f6cb-4287-b404-5d42bbb7afed,057e22d4-39c6-436d-a563-0ccc8ca75a60,Capilla Ntra. Sra. de Fátima,cap_ntra_sra_fatima_carcarana,cañada de gomez,Carcarañá,Bermejo s/n,null,null,null,null,active,2026-05-15 23:04:17.930426+00
6395fe84-619d-414d-a055-a277cd129dce,057e22d4-39c6-436d-a563-0ccc8ca75a60,Capilla Sagrado Corazón de Jesús,cap_sagrado_corazon_jesus_carcarana,cañada de gomez,Carcarañá,25 de Mayo s/n,null,null,null,null,active,2026-05-15 23:04:17.930426+00
eaf18e4e-7dea-4f48-a83b-69d592e241b4,057e22d4-39c6-436d-a563-0ccc8ca75a60,"Capilla del Pensionado de Franciscanas,",cap_pensionado_franciscanas_rosario,centro,Rosario,1º de Mayo 1557 y Montevideo,null,null,null,null,active,2026-05-15 23:04:17.930426+00
ad7ec086-cf5d-48de-b615-0a9e92c8eb92,057e22d4-39c6-436d-a563-0ccc8ca75a60,Capilla Ntra. Sra. de la Esperanza,cap_ntra_sra_esperanza_rosario,centro,Rosario,Cerrito y Beruti.,null,null,null,null,active,2026-05-15 23:04:17.930426+00
53f3b1fd-51b9-4cd4-ae0e-f9e5821d6834,057e22d4-39c6-436d-a563-0ccc8ca75a60,Capilla San José del Hospital Provincial,cap_s_jose_hospital_provincial_rosario,centro,Rosario,Alem y 9 de Julio,null,null,null,null,active,2026-05-15 23:04:17.930426+00
4d374aba-1d5a-466f-821f-1471931cf014,a8af26ab-48c9-4d94-b554-5d4b69e47229,Capilla del Colegio Ntra. Sra. del Rosario,cap_colegio_ntra_sra_rosario_arequito,casilda,Arequito,9 de Julio 1120,null,null,null,null,active,2026-05-15 23:04:17.930426+00
ccc3abeb-ca9b-4b2e-8095-2fadebb37307,a8af26ab-48c9-4d94-b554-5d4b69e47229,Capilla María Auxiliadora,cap_maria_auxiliadora_arequito,casilda,Arequito,9 de Julio y Mecozzi,null,null,null,null,active,2026-05-15 23:04:17.930426+00
5f891f65-1132-4a98-8763-2caf7d3f1ab1,a8af26ab-48c9-4d94-b554-5d4b69e47229,Capilla Ntra. Sra. de Fátima,cap_ntra_sra_fatima_arequito,casilda,Arequito,Manino y San Juan,null,null,null,null,active,2026-05-15 23:04:17.930426+00
7ac0a981-321c-4f69-8f0d-0e89cabaa3be,44bffc93-3a19-4295-9cf1-73e75ed0167c,Capilla San Juan Bautista de La Salle,cap_s_juan_bautista_salle_rosario,centro,Rosario,Bv. Oroño 770,0341 4257662,null,null,null,active,2026-05-15 23:04:17.930426+00
fffbe532-5ba1-4fca-b0ba-655b6c6b7cda,44bffc93-3a19-4295-9cf1-73e75ed0167c,"Capilla Sagrado Corazón, Padres Escolapios",cap_sagrado_corazon_padres_escolapios_rosario,centro,Rosario,Maipú 1300,0341 4485421,null,null,null,active,2026-05-15 23:04:17.930426+00
f8e35538-b2be-4598-a6e9-f10752975a06,44bffc93-3a19-4295-9cf1-73e75ed0167c,"Capilla San Antonio María Gianelli,",cap_s_antonio_maria_gianelli_rosario,centro,Rosario,San Juan 556,null,null,null,null,active,2026-05-15 23:04:17.930426+00
3d0302eb-9795-4ee8-bcd3-be84ea4db804,44bffc93-3a19-4295-9cf1-73e75ed0167c,"Capilla San José, Círculo Católico de Obreros,",cap_s_jose_circulo_catolico_obreros_rosario,centro,Rosario,Buenos Aires 900,null,null,null,null,active,2026-05-15 23:04:17.930426+00
01b9fe68-bce1-4fde-97b3-cfc8e5bf3cbc,6fa3b970-49db-499a-a9ea-6dad7381392b,Capilla María Madre de las Vocaciones,cap_maria_madre_vocaciones_rosario,saladillo,Rosario,Moreno y Arrieta,null,null,null,null,active,2026-05-15 23:04:17.930426+00
0d254a8b-a373-4dec-9dd8-b69c36aeed32,6fa3b970-49db-499a-a9ea-6dad7381392b,Capilla Ntra. Sra. de la Granada,cap_ntra_sra_granada_rosario,saladillo,Rosario,"Pje. 514, nº 6474",null,null,null,null,active,2026-05-15 23:04:17.930426+00
d43db0f1-861e-4b9c-a091-2a5dcce1fbc0,6fa3b970-49db-499a-a9ea-6dad7381392b,Capilla Ntra. Sra. de las Flores,cap_ntra_sra_flores_rosario,saladillo,Rosario,Pte. Roca y  KHANTUTA,null,null,null,null,active,2026-05-15 23:04:17.930426+00
6d267e3c-9837-4523-8cad-f6fd53be4d12,6fa3b970-49db-499a-a9ea-6dad7381392b,Oratorio Jesús Misericordioso,oratorio_jesus_misericordioso_rosario,saladillo,Rosario,Italia y Vías FF.CC.,null,null,null,null,active,2026-05-15 23:04:17.930426+00
fce2506c-2563-4faa-a6c1-b55d18f65d55,500181e0-5499-45aa-a65d-26b7a8b7671e,Capilla Ntra. Sra. de Luján,cap_ntra_sra_lujan_sn_jose_esquina,casilda,Sn. José de la Esquina,Av. Belgrano 1289,null,null,null,null,active,2026-05-15 23:04:17.930426+00
31e92995-430f-41b4-9fc7-cfeadb2b1ece,c6e82675-5671-4101-bdca-5cc2b1591599,"Capilla María Auxiliadora del Instituto ""Ceferino Namuncurá """,cap_maria_auxiliadora_cef_namuncura_rosario,oeste,Rosario,null,null,null,null,null,active,2026-05-15 23:04:17.930426+00
e2bb065d-e4de-4444-a6c6-1018f7109b43,c6e82675-5671-4101-bdca-5cc2b1591599,Capilla Ntra. Sra. de Itatí,cap_itati_perez,casilda,Pérez,"Santa Fe 1008, Bº Terraplén",null,null,null,null,active,2026-05-15 23:04:17.930426+00
32c8ff94-05fd-4e17-90a1-5edcbdc895fa,057e22d4-39c6-436d-a563-0ccc8ca75a60,Capilla Ntra. Sra. de Itatí,cap_itati_carcarana,cañada de gomez,Carcarañá,La Plata s/n,null,null,null,null,active,2026-05-15 23:04:17.930426+00
b471e5bc-1bd7-4c1b-b472-a4fcb4f40415,500181e0-5499-45aa-a65d-26b7a8b7671e,"Capilla Ntra. Sra. de la Misericordia, Hnas. de Ntra. Sra. de la Misericordia",cap_misericordia_hnas_s_jose_esquina,casilda,Sn. José de la Esquina,25 de Mayo 150,null,null,null,null,active,2026-05-15 23:04:17.930426+00
2a7968a6-de93-4654-a3b4-d395ea0bc9c3,c6e82675-5671-4101-bdca-5cc2b1591599,Capilla Sagrado Corazón de Jesús - Hijas de María Auxiliadora,cap_sagrado_corazon_hijas_m_auxiliadora_rosario,oeste,Rosario,null,null,null,null,null,active,2026-05-15 23:04:17.930426+00
8c16935b-aeb5-49a0-bd3d-2496b6692f19,6976d7f6-67bc-4a03-b7da-4e486fa63bc4,Iglesia San Jerónimo,igl_s_jeronimo_ntra_sra_carmen_timbues,san lorenzo,Aldao,ALDAO,null,null,null,null,active,2026-05-15 23:04:17.930426+00
1d7d391e-791d-4f79-81ca-54a3fe747657,6976d7f6-67bc-4a03-b7da-4e486fa63bc4,Iglesia San Juan Bautista,igl_s_juan_bautista_timbues,san lorenzo,Andino,ANDINO,null,null,null,null,active,2026-05-15 23:04:17.930426+00
bed89882-363e-40d2-9f47-4b95427ee9b4,500181e0-5499-45aa-a65d-26b7a8b7671e,Capilla Santa Teresa de Ávila,cap_sta_teresa_avila_sn_jose_esquina,casilda,Sn. José de la Esquina,"Wheelwrigth s/n, 2183 – LOS NOGALES ",null,null,null,null,active,2026-05-15 23:04:17.930426+00
4708e0be-79ea-4083-a950-fee141352095,1b709f64-5c7a-4232-993c-dd3b1752447d,Capilla Santiago Apóstol,cap_stiago_apostol_rosario,norte,Rosario,Juan B. Justo y Cullen,0341 4580977,null,null,null,active,2026-05-15 23:04:17.930426+00
5db18d7f-e703-45e0-9ae2-57dc549b01d6,1f6c2c2c-fd51-4f36-a1bf-7819680b43e9,Capilla San Joaquín y Santa Ana,cap_s_joaquin_y_sta_ana_rosario,norte,Rosario,Dr. J.J. Pérez 2851,null,null,null,null,active,2026-05-15 23:04:17.930426+00
372de17f-6bb6-4c37-b1ce-8ae353f96225,3bb52e75-6469-49be-8fe2-0b8f50e2f869,"Capilla del Hospital Español,",cap_hospital_espanol_rosario,sur,Rosario,Sarmiento 3150,0341 4858700,null,null,null,active,2026-05-15 23:04:17.930426+00
264483df-d5cd-4a2b-a287-d41b7d78cd41,3bb52e75-6469-49be-8fe2-0b8f50e2f869,Capilla San Héctor Valdivielso,cap_s_hector_valdivielso_rosario,oeste,Rosario,"Ecuador y Casilda, Bº Fisherton Este",null,null,null,null,active,2026-05-15 23:04:17.930426+00
8a55080f-0f89-44e5-9940-db685a2350a0,3bb52e75-6469-49be-8fe2-0b8f50e2f869,Capilla Jesús Misericordioso,cap_jesus_misericordioso_s_lorenzo,san lorenzo,San Lorenzo,"E. del Vidal y H. del Carril, Bº Fonavi Oeste",null,null,null,null,active,2026-05-15 23:04:17.930426+00
382f033c-8239-4701-ba9a-48d55ba25d18,3bb52e75-6469-49be-8fe2-0b8f50e2f869,Capilla Ntra. Sra. de la Asunción,cap_ntra_sra_asuncion_s_lorenzo,san lorenzo,San Lorenzo,Bolivia 2640,null,null,null,null,active,2026-05-15 23:04:17.930426+00
4ce47703-46a8-4a85-8589-1f67f7f2e917,3bb52e75-6469-49be-8fe2-0b8f50e2f869,Capilla Sagrado Corazón de Jesús,cap_sagrado_corazon_jesus_s_lorenzo,san lorenzo,San Lorenzo,"Houssay 2780, Bº 3 de Febrero",null,null,null,null,active,2026-05-15 23:04:17.930426+00
24154ea0-3f15-4d4d-bb36-a8fb402c0102,3bb52e75-6469-49be-8fe2-0b8f50e2f869,Capilla San Cayetano,cap_s_cayetano_s_lorenzo,san lorenzo,San Lorenzo,Uriburu y 3 de Febrero,null,null,null,null,active,2026-05-15 23:04:17.930426+00
77be9d79-a38f-46c0-bc69-52cd072070ab,3bb52e75-6469-49be-8fe2-0b8f50e2f869,Capilla San Francisco,cap_s_francisco_s_lorenzo,san lorenzo,San Lorenzo,"Islas Malvinas y España, Bº Norte",null,null,null,null,active,2026-05-15 23:04:17.930426+00
c61d3b26-f11c-486a-af78-64972ca0250f,3bb52e75-6469-49be-8fe2-0b8f50e2f869,Capilla Ntra. Sra. del Rosario - Hospital IPAM,cap_ntra_sra_rosario_hospital_ipam_rosario,sur,Rosario,null,null,null,null,null,active,2026-05-15 23:04:17.930426+00
31a2bed7-5c84-4ab1-9d3b-524cfc9356c6,fcfedab5-c3e6-4277-9eac-a82a17f9ad16,Capilla María Auxiliadora,cap_maria_auxiliadora_rosario,saladillo,Rosario,Av. De los Inmigrantes y San Luis,null,null,null,null,active,2026-05-15 23:04:17.930426+00
dbbca31e-ca3d-4d22-b36d-3fe057f89224,fcfedab5-c3e6-4277-9eac-a82a17f9ad16,Capilla Santa Cecilia,cap_sta_cecilia_vgg,saladillo,VGG,Bv.San Diego y 17 de Octubre,null,null,null,null,active,2026-05-15 23:04:17.930426+00
27428690-3482-4a08-b06b-a99690b1fc40,82f8bf8e-7d6d-48dc-a777-9ecbc099f7e1,Iglesia Sagrado Corazón de Jesús,igl_sagrado_corazon_jesus_vgg,saladillo,VGG,Bv.San Diego 1056,0341 4636780,null,null,null,active,2026-05-15 23:04:17.930426+00
4e16ea98-c4a1-4b46-9e66-040aad5c40ef,82f8bf8e-7d6d-48dc-a777-9ecbc099f7e1,Capilla de la casa Betania,cap_casa_betania_rosario,saladillo,Rosario,Santa María de Oro 1276,0341 4921522,null,null,null,active,2026-05-15 23:04:17.930426+00
41a40ab4-1c33-4dc2-a25b-0096b4546686,82f8bf8e-7d6d-48dc-a777-9ecbc099f7e1,Capilla Ntra. Sra. de la Esperanza,cap_ntra_sra_esperanza_vgg,saladillo,VGG,Peñaloza s/n Bº La Esperanza,null,null,null,null,active,2026-05-15 23:04:17.930426+00
0f81ecbf-0b8d-4be0-a044-6bc28b323df3,82f8bf8e-7d6d-48dc-a777-9ecbc099f7e1,Capilla Nuestra Sra. del Rosario de San Nicolás,cap_nsl_rosario_s_nicolas_rosario,saladillo,Rosario,"Suipacha y Bordabehere, Bº Alto Verde",null,null,null,null,active,2026-05-15 23:04:17.930426+00
17caa915-6761-423e-ab93-eb77103a5f8f,82f8bf8e-7d6d-48dc-a777-9ecbc099f7e1,Capilla San Francisco.,cap_s_francisco_vgg,saladillo,VGG,Libertador y Pavón Bº Parque,null,null,null,null,active,2026-05-15 23:04:17.930426+00
45f5d5b3-5c17-4186-808e-87bfc631c133,82f8bf8e-7d6d-48dc-a777-9ecbc099f7e1,Capilla Virgén de Itatí,cap_virgen_itati_rosario,saladillo,Rosario,Bº Triángulo,null,null,null,null,active,2026-05-15 23:04:17.930426+00
cb7a7bae-4386-4e9d-81aa-e1de599997a5,82f8bf8e-7d6d-48dc-a777-9ecbc099f7e1,Capilla Virgen de Lourdes,cap_virgen_lourdes_vgg,saladillo,VGG,García González s/n Bº Ghiglione,null,null,null,null,active,2026-05-15 23:04:17.930426+00
6283a5a4-f59f-4d3c-8248-5db4332d9dda,82f8bf8e-7d6d-48dc-a777-9ecbc099f7e1,Iglesia San Enrique la Antigua,igl_s_enrique_antigua_vgg,saladillo,VGG,Cafferata Pje.2,null,null,null,null,active,2026-05-15 23:04:17.930426+00
c64b1db9-fa45-4aa7-9093-521e0788a3ca,82f8bf8e-7d6d-48dc-a777-9ecbc099f7e1,Iglesia Santa María de los Ángeles,igl_sta_maria_angeles_vgg,saladillo,VGG,null,null,null,null,null,active,2026-05-15 23:04:17.930426+00
98cbfa9d-d861-422c-8fa7-4f4bbba9bc54,daa95e0c-b52c-48d7-9ef1-e0a0df34553e,Capilla María Madre de la Civilización del Amor,cap_maria_madre_civilizacion_amor_rosario,oeste,Rosario,", Uruguay 4051y Bv. Avellaneda",null,null,null,null,active,2026-05-15 23:04:17.930426+00
6b41e8a1-d93d-400c-8b25-a5b6abb2dbc6,daa95e0c-b52c-48d7-9ef1-e0a0df34553e,Centro comunitario “Mensajeros de Jesús”,centro_comunitario_mensajeros_jesus_rosario,oeste,Rosario,null,null,null,null,null,active,2026-05-15 23:04:17.930426+00
8390a100-dccf-43fe-b2b9-327eb6fe724b,939b7e31-dddf-4975-a82a-d5240689575e,Capilla María Madre,cap_maria_madre_rosario,oeste,Rosario,Bv. Avellaneda y Bordabehere,null,null,null,null,active,2026-05-15 23:04:17.930426+00
7f0b09f2-533f-4d47-96c1-8e901e31c734,939b7e31-dddf-4975-a82a-d5240689575e,Capilla Ntra. Sra. de Caacupé,cap_ntra_sra_caacupe_rosario,oeste,Rosario,Pascual de Rosas y Av. Pellegrini,null,null,null,null,active,2026-05-15 23:04:17.930426+00
0b38474e-8bfe-4468-a832-d09bba6464f8,939b7e31-dddf-4975-a82a-d5240689575e,Capilla Ntra. Sra. de Fátima,cap_ntra_sra_fatima_rosario,oeste,Rosario,Pascual de Rosas y San Lorenzo,null,null,null,null,active,2026-05-15 23:04:17.930426+00
7f6473a9-8711-4d85-9f50-780a79baf442,939b7e31-dddf-4975-a82a-d5240689575e,"Oratorio Santo Tomás Moro, UCA",oratorio_sto_tomas_moro_uca_rosario,oeste,Rosario,"Edificio 1, Pellegrini 3314",null,null,null,null,active,2026-05-15 23:04:17.930426+00
3c72eb0a-a7cd-4244-ac01-ef0113fffeaa,be10f718-0c76-442b-ab63-0b8f91afe5d1,Capilla María Madre Nuestra,cap_maria_madre_nuestra_s_jeronimo_sud,cañada de gomez,San Jerónimo Sud,"Estanislao López s/n, ",null,null,null,null,active,2026-05-15 23:04:17.930426+00
247c04cd-4764-4698-85e0-0d714f07baf1,d66fd9cb-b1aa-4f8b-a77d-baf2169db8c0,Capilla Madre del Salvador,cap_madre_salvador_roldan,cañada de gomez,Roldán,"calle 12 s/n, Villa Flores",null,null,null,null,active,2026-05-15 23:04:17.930426+00
119906eb-36d7-40c9-b197-bfea0f0ae51a,d66fd9cb-b1aa-4f8b-a77d-baf2169db8c0,Capilla San Benito,cap_s_benito_roldan,cañada de gomez,Roldán,Namuncurá s/n,null,null,null,null,active,2026-05-15 23:04:17.930426+00
b4da51f1-9e0b-4bd7-9f2f-eab119b59772,d66fd9cb-b1aa-4f8b-a77d-baf2169db8c0,Capilla Virgen del Rosario,cap_virgen_rosario_chabas,casilda,Chabás,Gral. López y Mitre,null,null,null,null,active,2026-05-15 23:04:17.930426+00
154c8cc4-9cd1-4554-863e-b19300532cba,d66fd9cb-b1aa-4f8b-a77d-baf2169db8c0,Iglesia San Carlos Borromeo,igl_s_carlos_borromeo_chabas,casilda,Chabás,"Belgrano y San Miguel, VILLADA",null,null,null,null,active,2026-05-15 23:04:17.930426+00
17a1b28b-0c92-49c0-8fd5-0650c68e5dd3,d66fd9cb-b1aa-4f8b-a77d-baf2169db8c0,Capilla Ntra. Sra. de Lourdes,cap_ntra_sra_lourdes_serodino,san lorenzo,Serodino,"Zona rural, CARRIZALES",null,null,null,null,active,2026-05-15 23:04:17.930426+00
6a9e0b65-52c0-4970-a81b-07ed659e6272,3bb52e75-6469-49be-8fe2-0b8f50e2f869,Capilla Ntra. Sra. de la Esperanza,cap_ntra_sra_esperanza_rosario_oeste,oeste,Rosario,Méjico 1526 A,null,null,null,null,active,2026-05-15 23:04:17.930426+00
95540495-c0ce-42c6-901f-7058bc518c1d,82f8bf8e-7d6d-48dc-a777-9ecbc099f7e1,Capilla Virgén de Itatí,cap_virgen_itati_vgg_tas,saladillo,VGG,"Pje. Ferrari y Crespo, Bº Tassone",null,null,null,null,active,2026-05-15 23:04:17.930426+00
d225a68c-c5e5-40b5-82e2-f583e34101ea,82f8bf8e-7d6d-48dc-a777-9ecbc099f7e1,Capilla Virgén de Itatí,cap_virgen_itati_vgg_mor,saladillo,VGG,"San Rafael y Pablo VI, Bº Mortelari",null,null,null,null,active,2026-05-15 23:04:17.930426+00
8dde448e-cfee-47e2-8c79-902013843b8d,d66fd9cb-b1aa-4f8b-a77d-baf2169db8c0,Capilla Ntra. Sra. de Itatí,cap_itati_roldan,cañada de gomez,Roldán,Las Heras s/n,null,null,null,null,active,2026-05-15 23:04:17.930426+00
84d4a6ff-3ecf-4fe3-8fe0-ca6e8dcc13fb,939b7e31-dddf-4975-a82a-d5240689575e,"Capilla San Roque, Hospital Intendente Carrasco",cap_s_roque_hospital_carrasco_rosario,oeste,Rosario,Zeballos y Río de Janeiro,null,null,null,null,active,2026-05-15 23:04:17.930426+00
518b7105-1e09-499b-8b36-381b9ce7ee83,3bb52e75-6469-49be-8fe2-0b8f50e2f869,"Capilla del Vicariato Castrense, Gendarmería Nacional Argentina",cap_vicariato_castrense_gendarmeria_rosario,sur,Rosario,"San Martín 2900, ",0341 4811267,null,null,null,active,2026-05-15 23:04:17.930426+00
218fe7d3-c36c-453d-8878-1c8ef2aba26a,82f8bf8e-7d6d-48dc-a777-9ecbc099f7e1,Capilla San Roque,cap_s_roque_s_enrique,saladillo,VGG,Liniers y Av. Temporelli,null,null,null,null,active,2026-05-15 23:04:17.930426+00
e33b9010-c635-44f6-a88a-aee1ca104e19,d66fd9cb-b1aa-4f8b-a77d-baf2169db8c0,Iglesia San Miguel Arcángel,igl_s_miguel_arcangel_serodino,san lorenzo,Serodino,"Zona rural, CARRIZALES ",null,null,null,null,active,2026-05-15 23:04:17.930426+00
a0cfef68-1518-445c-815b-503a8bd5138a,ae8aad15-641b-4bd4-89e8-3fc0a43ffb40,Capilla Ntra. Sra. de América,cap_ntra_sra_america_rosario,norte,Rosario,Mtro. Massa y Fco. Miranda,null,null,null,null,active,2026-05-15 23:04:17.930426+00
b1535084-76cc-47a7-9dc1-79acc8772972,ae8aad15-641b-4bd4-89e8-3fc0a43ffb40,Capilla Ntra. Sra. de los Milagros,cap_ntra_sra_milagros_capitan_bermudez,san lorenzo,Capitán Bermúdez,Sarmiento y Venezuela,null,null,null,null,active,2026-05-15 23:04:17.930426+00
be5d3f19-58d0-4f51-80ec-5b785f149d9d,90cc7e02-ba70-4c03-a019-943ef547697c,Capilla de Bº Fonavi Sur,cap_bo_fonavi_sur_s_lorenzo,san lorenzo,San Lorenzo,null,null,null,null,null,active,2026-05-15 23:04:17.930426+00
d59eb5a6-0924-4fa5-9552-e360f85bb1bb,4200f73f-97fa-43a0-a3d0-1adbb1f72b93,Capilla Bta. Laura Vicuña,cap_bta_laura_vicuna_rosario,saladillo,Rosario,Outes 6551,null,null,null,null,active,2026-05-15 23:04:17.930426+00
662a2e6e-2359-4165-af82-3db16cc34371,4200f73f-97fa-43a0-a3d0-1adbb1f72b93,Capilla Ntra. Sra. del Rosario de San Nicolás,cap_ntra_sra_rosario_s_nicolas_rosario,saladillo,Rosario,Laprida 6700,null,null,null,null,active,2026-05-15 23:04:17.930426+00
c7b83172-bac2-45f4-bbd8-4547c0acd860,4200f73f-97fa-43a0-a3d0-1adbb1f72b93,Capilla Santa María de los Ángeles,cap_sta_maria_angeles_rosario,saladillo,Rosario,San Martín 6500,null,null,null,null,active,2026-05-15 23:04:17.930426+00
7fb773ee-d61b-43df-be5c-732a407f333e,67ffddfe-0409-4f14-aa20-947353811ed6,Oratorio San Pantaleón,oratorio_s_pantaleon_rosario,oeste,Rosario,Av. Francia 932,0341 4383068,null,null,null,active,2026-05-15 23:04:17.930426+00
1adef44e-f0ee-497e-8c73-71a051ced7a6,67ffddfe-0409-4f14-aa20-947353811ed6,Capilla Ntra. Sra. de Fátima,cap_ntra_sra_fatima_villa_mugueta,casilda,Villa Mugueta,"Zona rural, MAIZALES ",null,null,null,null,active,2026-05-15 23:04:17.930426+00
75a73db1-7666-48be-82a8-e2409f298446,67ffddfe-0409-4f14-aa20-947353811ed6,Iglesia San Antonio de Padua,igl_s_antonio_padua_villa_mugueta,casilda,Villa Mugueta,"Belgrano 668, ARMINDA",null,null,null,null,active,2026-05-15 23:04:17.930426+00
6cc60478-0813-4ab1-ada3-bff1c9ef487e,92bb9b7e-9ba3-4fb7-8154-1ec4b8793eda,"Iglesia “Santa Rita”,",igl_sta_rita_alvarez,santa teresa,Álvarez,ÁLVAREZ,null,null,null,null,active,2026-05-15 23:04:17.930426+00
24af06cc-1b44-4ef7-ac76-b33e3c5a80c5,acbf86f9-02d2-4b0d-8c81-b07d8e440bc9,Capilla Jesús Misericordioso,cap_jesus_misericordioso_villa_constitucion,villa constitucion,Villa Constitución,Bv. Seguí s/n,null,null,null,null,active,2026-05-15 23:04:17.930426+00
7f3552e9-9826-4b01-aa7c-8e4079f6e789,acbf86f9-02d2-4b0d-8c81-b07d8e440bc9,Capilla Stella Maris,cap_stella_maris_villa_constitucion,villa constitucion,Villa Constitución,null,null,null,null,null,active,2026-05-15 23:04:17.930426+00
ef744f9e-9d9f-4ecd-a587-f4ed7b4ca85c,acbf86f9-02d2-4b0d-8c81-b07d8e440bc9,Templo Ntra. Sra. del Carmen,templo_ntra_sra_carmen_villa_constitucion,villa constitucion,Villa Constitución,"San Luis 2102, Bº Amelong",null,null,null,null,active,2026-05-15 23:04:17.930426+00
ccf28638-05e7-44db-94f0-de6b4b41f4cb,034c0577-ad62-4a58-a5bf-8be66d17f281,Capilla Colegio San Antonio,cap_colegio_s_antonio_canada_gomez,cañada de gomez,Cañada de Gómez,null,null,null,null,null,active,2026-05-15 23:04:17.930426+00
0c0cbcb9-6a5b-41b7-b64f-3756b3bf14df,034c0577-ad62-4a58-a5bf-8be66d17f281,Capilla San Cayetano,cap_s_cayetano_canada_gomez,cañada de gomez,Cañada de Gómez,Rawson 840,null,null,null,null,active,2026-05-15 23:04:17.930426+00
118a0d09-bddc-4fda-a59e-d31735d2d85a,034c0577-ad62-4a58-a5bf-8be66d17f281,Capilla San José Obrero,cap_s_jose_obrero_canada_gomez,cañada de gomez,Cañada de Gómez,Córdoba 450,null,null,null,null,active,2026-05-15 23:04:17.930426+00
edb3d628-4184-48f7-924e-f0d866c32745,034c0577-ad62-4a58-a5bf-8be66d17f281,Capilla Stella Maris,cap_stella_maris_canada_gomez,cañada de gomez,Cañada de Gómez,Quintana y Primera Junta,null,null,null,null,active,2026-05-15 23:04:17.930426+00
c0bc3531-a4bf-4887-9830-0b22af6c408d,034c0577-ad62-4a58-a5bf-8be66d17f281,Capilla Virgen del Rosario,cap_virgen_rosario_canada_gomez,cañada de gomez,Cañada de Gómez,null,null,null,null,null,active,2026-05-15 23:04:17.930426+00
08fe9e0e-1cd1-415b-aa83-3fbc3abefde3,034c0577-ad62-4a58-a5bf-8be66d17f281,Capilla Sagrada Familia,cap_sagrada_familia_casilda,casilda,Casilda,Bº Yapeyú,null,null,null,null,active,2026-05-15 23:04:17.930426+00
2b4cefab-4834-4269-a2c0-c4a4c81907d6,034c0577-ad62-4a58-a5bf-8be66d17f281,Capilla Virgen de Lourdes,cap_virgen_lourdes_casilda,casilda,Casilda,Bº Granaderos a Caballo,null,null,null,null,active,2026-05-15 23:04:17.930426+00
18130e2a-00fe-444f-a8f7-348177da6fb8,034c0577-ad62-4a58-a5bf-8be66d17f281,Capilla Virgen del Rosario de San Nicolás,cap_virgen_rosario_s_nicolas_casilda,casilda,Casilda,Bº Barracas,null,null,null,null,active,2026-05-15 23:04:17.930426+00
ca3f73f4-ef68-42ae-a49d-b8ab41283e87,67ffddfe-0409-4f14-aa20-947353811ed6,"Capilla del Instituto “San Miguel Arcángel”, Hnas. Inmaculada de Génova",cap_smiguel_arcangel_hnas_inmacul_rosario,oeste,Rosario,null,null,null,null,null,active,2026-05-15 23:04:17.930426+00
b1cb84dd-d6ee-477f-9269-ace558fd5a25,90cc7e02-ba70-4c03-a019-943ef547697c,"Capilla Ntra. Sra. del Carmen, Hospital Granaderos a Caballo",cap_sra_carmen_hospital_granaderos,san lorenzo,San Lorenzo,null,null,null,null,null,active,2026-05-15 23:04:17.930426+00
d9cc7adf-602e-4e41-b83b-9ef11f8de7ba,4200f73f-97fa-43a0-a3d0-1adbb1f72b93,Capilla Ntra. Sra. de Itatí,cap_itati_rosario_molino,saladillo,Rosario,Molino Blanco,null,null,null,null,active,2026-05-15 23:04:17.930426+00
57bdb746-af80-4320-ab3e-04ab39a86866,034c0577-ad62-4a58-a5bf-8be66d17f281,Capilla Ntra. Sra. de Guadalupe,cap_guadalupe_canada_gomez,cañada de gomez,Cañada de Gómez,Bv. Centenario 50 bis,null,null,null,null,active,2026-05-15 23:04:17.930426+00
a89a77f8-a267-45d5-8fa3-c70bfa9db711,90cc7e02-ba70-4c03-a019-943ef547697c,"Capilla Ntra. Sra. de Luján, Jefatura de Policía",cap_lujan_jefatura_s_lorenzo,san lorenzo,San Lorenzo,Bv. Urquiza 749,null,null,null,null,active,2026-05-15 23:04:17.930426+00
535e3140-15c6-44b5-affb-4bc82ae8f8ae,034c0577-ad62-4a58-a5bf-8be66d17f281,"Capilla Ntra. Sra. de la Misericordia, Colegio Ntra. Sra. de la Misericordia",cap_misericordia_colegio_casilda,casilda,Casilda,Av. Ovidio Lagos 1827,null,null,null,null,active,2026-05-15 23:04:17.930426+00
a8e0dbfe-f686-4884-90b2-1b932046579d,034c0577-ad62-4a58-a5bf-8be66d17f281,Capilla Ntra. Sra. de la Esperanza,cap_esperanza_granadero_baigorria,san lorenzo,Granadero Baigorria,Marcos Paz 3150,4710585,null,null,null,active,2026-05-15 23:04:17.930426+00
36dc3488-40be-4ada-9284-977a3de16911,034c0577-ad62-4a58-a5bf-8be66d17f281,"Capilla San Carlos Borromeo, Hospital San Carlos",cap_s_carlos_borromeo_hospital_casilda,casilda,Casilda,Bv. 9 de Julio 2351,null,null,null,null,active,2026-05-15 23:04:17.930426+00
0529cf0b-e82e-4f51-8fc3-f3bc851cf838,034c0577-ad62-4a58-a5bf-8be66d17f281,"Capilla San Ignacio de Loyola, Cementerio",cap_s_ignacio_loyola_cem_canada_gomez,cañada de gomez,Cañada de Gómez,null,null,null,null,null,active,2026-05-15 23:04:17.930426+00
8eccdfe3-253c-45d0-8624-adc61619aa8d,034c0577-ad62-4a58-a5bf-8be66d17f281,"Capilla San José, Hospital Provincial",cap_s_jose_hosp_prov_canada_gomez,cañada de gomez,Cañada de Gómez,null,null,null,null,null,active,2026-05-15 23:04:17.930426+00
499bbd3a-3bce-4a9e-8a5a-c47ba0e47d64,034c0577-ad62-4a58-a5bf-8be66d17f281,"Capilla Sagrada Familia, Colegio Sagrada Familia",cap_sagrada_familia_colegio_casilda,casilda,Casilda,Zeballos 1850,null,null,null,null,active,2026-05-15 23:04:17.930426+00
063fc2c1-8bb1-4ffe-ae62-e5d23a22b770,034c0577-ad62-4a58-a5bf-8be66d17f281,"Capilla Sagrado Corazón, Instituto Razetto",cap_sagrado_corazon_instit_canada_gomez,cañada de gomez,Cañada de Gómez,Necochea 1095,null,null,null,null,active,2026-05-15 23:04:17.930426+00
baddc019-a61e-441f-889c-95130cf4feb8,90cc7e02-ba70-4c03-a019-943ef547697c,"Capilla Santa Rosa de Viterbo, Hnas . Franciscanas Educacionistas",cap_sta_rosa_viterbo_s_lorenzo,san lorenzo,San Lorenzo,Sgto. Cabral 1873,null,null,null,null,active,2026-05-15 23:04:17.930426+00
ed10be9d-0e4c-4218-8cdc-0b04d855f715,034c0577-ad62-4a58-a5bf-8be66d17f281,Oratorio Ntra. Sra. de Schöenstatt,oratorio_ntra_sra_schoenstatt_c_gomez,cañada de gomez,Cañada de Gómez,Campo Mosca,null,null,null,null,active,2026-05-15 23:04:17.930426+00
eca878fc-6f07-4d3a-9cac-d0f7fc9eb6c6,92bb9b7e-9ba3-4fb7-8154-1ec4b8793eda,Capilla Santa Teresa del Niño Jesús,cap_sta_teresa_njesus_alvarez,santa teresa,La Carolina,LA CAROLINA,null,null,null,null,active,2026-05-15 23:04:17.930426+00
02959472-dc15-4365-bf70-34587f6b2c28,92bb9b7e-9ba3-4fb7-8154-1ec4b8793eda,Iglesia “Ntra. Sra. de Luján,igl_ntra_sra_lujan_alvarez,santa teresa,Pueblo Muñoz,PUEBLO MUÑOZ,null,null,null,null,active,2026-05-15 23:04:17.930426+00
24ec3279-14c1-4a29-9998-57735d09731f,92bb9b7e-9ba3-4fb7-8154-1ec4b8793eda,Iglesia Sagrado Corazón,igl_sagrado_corazon_alvarez,santa teresa,Piñero,PIÑERO,null,null,null,null,active,2026-05-15 23:04:17.930426+00
e4f301c7-045a-4014-af26-49fd1bb4f903,034c0577-ad62-4a58-a5bf-8be66d17f281,Capilla San Marcos,cap_s_marcos_granadero_baigorria,san lorenzo,Granadero Baigorria,Eva Perón y J.B. González,null,null,null,null,active,2026-05-15 23:04:17.930426+00
50c37448-6ffb-4b67-9f38-a76cd8d442a0,034c0577-ad62-4a58-a5bf-8be66d17f281,Capilla San Mateo,cap_s_mateo_granadero_baigorria,san lorenzo,Granadero Baigorria,Tierra del Fuego y El Rosedal,null,null,null,null,active,2026-05-15 23:04:17.930426+00
d92605d3-1ea5-4c92-bad1-78fbd4c7f86b,034c0577-ad62-4a58-a5bf-8be66d17f281,Ermita de Schöenstatt,erm_schoenstatt_granadero_baigorria,san lorenzo,Granadero Baigorria,Padre Kentenich s/n,null,null,null,null,active,2026-05-15 23:04:17.930426+00
3c99a004-9766-4880-8779-3e83529026d8,e47867bf-f3cb-476f-aeaa-5031373f1d0b,Capilla Sagrados Corazones de Jesús y María,cap_sagrados_corazones_jesus_y_maria_capitan_bermudez,san lorenzo,Capitán Bermúdez,Independencia 100,null,null,null,null,active,2026-05-15 23:04:17.930426+00
910e982a-3481-4079-9aa0-c44a91e8cf54,e47867bf-f3cb-476f-aeaa-5031373f1d0b,"Capilla del “Espíritu Santo”,",cap_espiritu_sto_capitan_bermudez,san lorenzo,Capitán Bermúdez,Santa Fe 335,null,null,null,null,active,2026-05-15 23:04:17.930426+00
b59a995d-a074-42cc-b583-527a6a197d9f,e47867bf-f3cb-476f-aeaa-5031373f1d0b,Capilla Ntra. Sra. de los Dolores,cap_ntra_sra_dolores_capitan_bermudez,san lorenzo,Capitán Bermúdez,La Pampa 258,null,null,null,null,active,2026-05-15 23:04:17.930426+00
c827097f-9767-4ba4-aacd-10b13c7305bc,ab495774-7b66-40cd-8d9f-a033bb61cca7,Capilla Jesús Buen Pastor,cap_jesus_buen_pastor_rosario,saladillo,Rosario,Constitución 5880,null,null,null,null,active,2026-05-15 23:04:17.930426+00
992b771c-f649-4db3-b40a-ee1690f26482,ab495774-7b66-40cd-8d9f-a033bb61cca7,Capilla Ntra. Sra. del Carmen,cap_ntra_sra_carmen_rosario,saladillo,Rosario,"Calle 2125, Nº 3824",null,null,null,null,active,2026-05-15 23:04:17.930426+00
ea36eb57-cd16-4b9a-8e21-d830191d255d,ab495774-7b66-40cd-8d9f-a033bb61cca7,Capilla San Cayetano,cap_s_cayetano_rosario,saladillo,Rosario,Piamonte s/n,null,null,null,null,active,2026-05-15 23:04:17.930426+00
10c2f380-7dee-455f-810a-b0a3e435cf90,1f2295a2-c399-46b1-8d3d-d6da466f1e25,Capilla Ntra. Sra. de Pentecostés,cap_ntra_sra_pentecostes_rosario,norte,Rosario,Washington y Casiano Casas,null,null,null,null,active,2026-05-15 23:04:17.930426+00
81a38bdd-6149-4706-916a-1b1beb9d4f03,3c5c6c9c-e535-40e4-ac45-2764bbaa8f3c,"Hogarcito “San Roque”,",hogarcito_s_roque_capitan_bermudez,san lorenzo,Capitán Bermúdez,"Los Inmigrantes 374, ",0341 4912008,null,null,null,active,2026-05-15 23:04:17.930426+00
fa93d991-5ecb-4875-97f4-f2d5e19504b9,d2b0a5bb-56e3-408a-8df9-68f6d3aa4940,Capilla Ntra. Sra. del Encuentro,cap_ntra_sra_encuentro_rosario,sur,Rosario,"Calle Brandaza y Rueda, ",null,null,null,null,active,2026-05-15 23:04:17.930426+00
6b2e46b3-2074-424b-acf4-79635975f322,95013721-69cb-41f2-99fc-a8c5db3c4d33,Capilla del Cementerio “La Piedad,cap_cementerio_piedad_rosario,oeste,Rosario,Av. Provincias Unidas 2652,0341 4560083,null,null,null,active,2026-05-15 23:04:17.930426+00
1d4e0c27-6319-4dd4-a174-4595d8b9ba33,f23cba42-426f-4a16-b70a-6cd5f63755ee,"Capilla Niño Dios, Casa del Clero",cap_nino_dios_casa_clero_rosario,centro,Rosario,España 972,0341 4483603,null,null,null,active,2026-05-15 23:04:17.930426+00
919e6fea-63b9-4282-847c-62396982362f,f23cba42-426f-4a16-b70a-6cd5f63755ee,Capilla Sagrado Corazón de Jesús,cap_sagrado_corazon_jesus_las_rosas,cañada de gomez,Las Rosas,Guillermo Benitz 465,null,null,null,null,active,2026-05-15 23:04:17.930426+00
cf4062c9-6cda-48bf-ac4d-0da59c465ef4,f23cba42-426f-4a16-b70a-6cd5f63755ee,Capilla San José Obrero,cap_s_jose_obrero_las_rosas,cañada de gomez,Las Rosas,Gral. López 850,null,null,null,null,active,2026-05-15 23:04:17.930426+00
f04a5356-fe90-4a63-8a4c-95c4023dfaff,f23cba42-426f-4a16-b70a-6cd5f63755ee,Capilla Ntra. Sra. de Lourdes,cap_ntra_sra_lourdes_oliveros,san lorenzo,Oliveros,LA RIBERA,null,null,null,null,active,2026-05-15 23:04:17.930426+00
98c8d183-082a-48d8-8773-a0dc241e1cb0,9736865e-4b69-4964-9436-299465f0958d,Capilla Ntra. Sra. de Luján,cap_ntra_sra_lujan_totoras,cañada de gomez,Totoras,calle Fray Luis Beltrán,null,null,null,null,active,2026-05-15 23:04:17.930426+00
2e213615-61a0-4ec7-a7c0-aed45235635f,9736865e-4b69-4964-9436-299465f0958d,Capilla San Francisco de Asís,cap_s_francisco_asis_sta_teresa,santa teresa,Santa Teresa,FRANCISCO PAZ,null,null,null,null,active,2026-05-15 23:04:17.930426+00
943150bf-9856-4454-9298-e72b8f5fc1cc,9736865e-4b69-4964-9436-299465f0958d,Iglesia San Antonio de Padua,igl_s_antonio_padua_sta_teresa,santa teresa,Santa Teresa,CAÑADA RICA,null,null,null,null,active,2026-05-15 23:04:17.930426+00
eff36dc0-312a-4911-9c80-72d90441e205,9f463a91-02ff-4760-a395-8a04036292ef,Oratorio Ntra. Sra. de la Asunción,oratorio_ntra_sra_asuncion_rosario,sur,Rosario,null,null,null,null,null,active,2026-05-15 23:04:17.930426+00
26408aa0-2f95-4945-acd2-cf5f6af2f12f,286411ad-0bba-4d3b-bc22-17c2d5ced698,Capilla de la Vicaría Sagrado Corazón,cap_vicaria_sagrado_corazon_rosario,norte,Rosario,Humberto Primo 2401 y Aldao,0341 4345548,null,null,null,active,2026-05-15 23:04:17.930426+00
9ae373ee-eac8-4cca-a5e2-8d7fc23437ce,286411ad-0bba-4d3b-bc22-17c2d5ced698,Ermita Rosa Mística,erm_rosa_mistica_rosario,norte,Rosario,Casilda y Nueva York,null,null,null,null,active,2026-05-15 23:04:17.930426+00
635a1fce-6db4-4a92-8000-d123a63e4b97,121de8ff-c477-49b1-8762-ad856a8200d8,Capilla Ntra. Sra. de Luján,cap_ntra_sra_lujan_empalme_vc,villa constitucion,Empalme V.C.,"Buenos Aires 175, PAVÓN",null,null,null,null,active,2026-05-15 23:04:17.930426+00
7e7559dd-ec5e-4e38-8e93-076664890e43,121de8ff-c477-49b1-8762-ad856a8200d8,Capilla Santa Ana,cap_sta_ana_empalme_vc,villa constitucion,Empalme V.C.,THEOBALD,null,null,null,null,active,2026-05-15 23:04:17.930426+00
196fedd4-cde5-4ae0-899a-b0bba1710b41,d81e55fc-bb5b-40c1-a546-cbaae9f17a44,Capilla de la Medalla Milagrosa,cap_medalla_milagrosa_s_lorenzo,san lorenzo,San Lorenzo,Moreno 1024,null,null,null,null,active,2026-05-15 23:04:17.930426+00
5b00a210-aeb6-4e1f-92e7-fa6c986b75e7,d81e55fc-bb5b-40c1-a546-cbaae9f17a44,Capilla Ntra. Sra. de la Esperanza,cap_ntra_sra_esperanza_s_lorenzo,san lorenzo,San Lorenzo,"Gaboto 650, Bº Villa Felisa",null,null,null,null,active,2026-05-15 23:04:17.930426+00
92a726a4-3376-4a59-bd2b-0c1b18ebf403,d81e55fc-bb5b-40c1-a546-cbaae9f17a44,Capilla San José Obrero,cap_s_jose_obrero_s_lorenzo,san lorenzo,San Lorenzo,", Gutemberg  Santa Cruz, Bº José Hernández",null,null,null,null,active,2026-05-15 23:04:17.930426+00
e7206f1f-0620-4ff5-a094-333f0736ef4d,d81e55fc-bb5b-40c1-a546-cbaae9f17a44,Capilla San Juan Bautista,cap_s_juan_bautista_s_lorenzo,san lorenzo,San Lorenzo,RICARDONE,null,null,null,null,active,2026-05-15 23:04:17.930426+00
8eadf36f-1402-44e5-a213-e49e5ee4a8a9,f23cba42-426f-4a16-b70a-6cd5f63755ee,"Capilla Inmaculado Corazón de María, Hnas. Adoratrices",cap_inmaculado_corazon_maria_rosario,centro,Rosario,Italia 733,0341 4257659,null,null,null,active,2026-05-15 23:04:17.930426+00
a668e70a-0228-48b7-839f-a656fa8b5e71,45bb6687-9f4e-447a-89e5-08e66f2a3a6b,Capilla Ntra. Sra. de Itatí,cap_itati_rosario_centeno,sur,Rosario,Santiago y Centeno,null,null,null,null,active,2026-05-15 23:04:17.930426+00
1e236c0f-2e1c-4bf2-9308-034e38885ba8,d81e55fc-bb5b-40c1-a546-cbaae9f17a44,Capilla Ntra. Sra. de Itatí,cap_itati_s_lorenzo,san lorenzo,San Lorenzo,Urquiza s/n,null,null,null,null,active,2026-05-15 23:04:17.930426+00
4b898657-6d4b-41e3-8381-a0cb454655bd,121de8ff-c477-49b1-8762-ad856a8200d8,Capilla Ntra. Sra. de la Medalla Milagrosa,cap_medalla_milagrosa_empalme_vc,villa constitucion,Empalme V.C.,Saavedra s/n,null,null,null,null,active,2026-05-15 23:04:17.930426+00
030a82f5-e224-4550-ad68-cdd12d12b778,f23cba42-426f-4a16-b70a-6cd5f63755ee,Capilla Ntra. Sra. de la Medalla Milagrosa,cap_medalla_milagrosa_las_rosas,cañada de gomez,Las Rosas,Salta s/n,null,null,null,null,active,2026-05-15 23:04:17.930426+00
9babb692-2d72-46bc-988e-0eff85ed40a6,4595f5dd-913c-434c-ac6d-64a49568fef0,Capilla Ntra. Sra. de la Medalla Milagrosa,cap_medalla_milagrosa_villa_eloisa,cañada de gomez,Villa Eloisa,"Mitre y San Martín, Bº Oeste",null,null,null,null,active,2026-05-15 23:04:17.930426+00
fcbec9fb-57bb-461e-a9dd-3bbcabb40d2b,121de8ff-c477-49b1-8762-ad856a8200d8,Capilla Ntra. Sra. del Rosario de San Nicolás,cap_rosario_s_nicolas_empalme_vc,villa constitucion,Empalme V.C.,"Bº Mitre, PAVÓN ",null,null,null,null,active,2026-05-15 23:04:17.930426+00
2a3fed98-10da-4873-bded-442eefddd0dc,034c0577-ad62-4a58-a5bf-8be66d17f281,"Capilla San Lucas, Hospital Eva Perón",cap_s_lucas_hosp_eva_peron_granadero_baigorria,san lorenzo,Granadero Baigorria,Av. San Martín 1645,null,null,null,null,active,2026-05-15 23:04:17.930426+00
86fce629-83a9-4313-b359-0e3f9b855c1f,4595f5dd-913c-434c-ac6d-64a49568fef0,Iglesia Santa Clara de Asís,igl_sta_clara_asis_acebal,santa teresa,Coronel Dominguez,CORONEL DOMÍNGUEZ,null,null,null,null,active,2026-05-15 23:04:17.930426+00
46825c4b-c4e6-4f05-805c-c2449852c1f5,4595f5dd-913c-434c-ac6d-64a49568fef0,Iglesia Ntra. Sra. del Carmen,igl_ntra_sra_carmen_acebal,santa teresa,Carmen del Sauce,CARMEN DEL SAUCE,null,null,null,null,active,2026-05-15 23:04:17.930426+00
32402196-f014-4c77-8df4-d05ed87da964,1740ad9d-cdca-4834-9e15-2f533b839323,"Capilla Sagrado Corazón de Jesús,",cap_sagrado_corazon_jesus_rosario_sur,sur,Rosario,Ayolas 141,0341 4620245,null,null,null,active,2026-05-15 23:04:17.930426+00
5298ae78-40c1-48d8-b445-0aed10f05f29,1f2295a2-c399-46b1-8d3d-d6da466f1e25,Capilla Ntra. Sra. de Fátima,cap_ntra_sra_fatima_rosario_norte,norte,Rosario,Cavia 1200,null,null,null,null,active,2026-05-15 23:04:17.930426+00
972b2676-4d60-4c89-890f-f22213ef3b2a,null,Sagrado Corazón de Jesús,sagrado_corazon_jesus_rosario_norte,norte,Rosario,null,null,null,null,null,active,2026-05-15 23:04:17.930426+00
a5836a48-a57f-4ae4-969b-3f61123c6ce8,c6e82675-5671-4101-bdca-5cc2b1591599,Capilla San Francisco Solano,cap_s_francisco_solano_rosario_oeste,oeste,Rosario,Maiztegui y Miramar,null,null,null,null,active,2026-05-15 23:04:17.930426+00
2cf84b6c-b3e8-4100-bc53-2d2e22ea0a8e,23e97632-2b99-4557-9b61-b7dad7995800,"Capilla del centro Misión católica italmigrante,",cap_mision_catolica_italmigrante_rosario,centro,Rosario,Buenos Aires 1563,0341 4216773,null,null,null,active,2026-05-15 23:04:17.930426+00
e692045b-d34e-4003-8b32-ab97a88ac1e3,ae8aad15-641b-4bd4-89e8-3fc0a43ffb40,Capilla del Hogarcito “San José Obrero”,cap_hogar_sjose_obrero_cap_bermudez,san lorenzo,Capitán Bermúdez,null,null,null,null,null,active,2026-05-15 23:04:17.930426+00
3c550b76-d781-408d-98c3-9033b0729d9e,4366e4ca-c2e9-4480-8ef8-c31c3ff96c12,Capilla Milagroso Niño Jesús de Praga,cap_milagroso_nino_jesus_pueblo_esther,villa constitucion,Pueblo Esther,Parque Bernaza,null,null,null,null,active,2026-05-15 23:04:17.930426+00
5d7b93e5-6557-4d3d-b043-5f61fadc8f2f,44bffc93-3a19-4295-9cf1-73e75ed0167c,"Capilla Ntra. Sra. del Huerto, Hijas de Ntra. Sra. del Huerto",cap_sra_huerto_hijas_rosario,centro,Rosario,J. Manuel de Rosas 1093,0341 4216091,null,null,null,active,2026-05-15 23:04:17.930426+00
068025ab-be65-43bc-9a52-6d2675d8a8d5,94ea85ec-d8aa-426d-8bf8-b5de778fa11d,Capilla Ntra. Sra. de Itatí,cap_itati_rosario_norte,norte,Rosario,Molina y Pje. 1,null,null,null,null,active,2026-05-15 23:04:17.930426+00
1aca7f18-2589-449d-ac61-55e8f868d053,null,Natividad de la Santísima Virgen María,natividad_stma_virgen_maria_c_gomez,cañada de gomez,Cañada de Gomez,null,null,null,null,null,active,2026-05-15 23:04:17.930426+00